timestamp,dublin_time,time_period,frame_number,person_count,background_person_count,vehicle_count,bicycle_count,umbrella_count,total_objects,crowd_level,waving_count,photo_taking_count,safety_status,choke_point_count,grid_max_density,baseline_count,active_alerts,grid_density_json,fps
2026-04-03T15:31:01.643318+01:00,15:31:01,Afternoon,2,10,8,0,0,0,11,NORMAL,0,0,NORMAL,0,0,0.0,,[],0.0
2026-04-03T15:31:02.785855+01:00,15:31:02,Afternoon,4,14,8,0,0,0,14,NORMAL,0,0,WARNING,1,4,14.0,CHOKE_POINT,"[[0, 0, 0, 0, 0], [3, 4, 0, 1, 0], [0, 2, 2, 2, 0]]",1.4
2026-04-03T15:31:03.312053+01:00,15:31:03,Afternoon,6,14,8,0,0,0,14,NORMAL,0,0,WARNING,1,4,14.0,CHOKE_POINT,"[[0, 0, 0, 0, 0], [3, 4, 0, 1, 0], [0, 2, 2, 2, 0]]",1.7
2026-04-03T15:31:03.788973+01:00,15:31:03,Afternoon,8,14,8,0,0,0,14,NORMAL,0,0,NORMAL,1,4,14.0,,"[[0, 0, 0, 0, 0], [3, 4, 0, 1, 0], [0, 2, 2, 2, 0]]",1.7
2026-04-03T15:31:04.256522+01:00,15:31:04,Afternoon,10,14,8,0,0,0,14,NORMAL,0,0,NORMAL,1,4,14.0,,"[[0, 0, 0, 0, 0], [3, 4, 0, 1, 0], [0, 2, 2, 2, 0]]",4.0
2026-04-03T15:31:04.723831+01:00,15:31:04,Afternoon,12,14,8,0,0,0,14,NORMAL,0,0,NORMAL,1,4,14.0,,"[[0, 0, 0, 0, 0], [3, 4, 0, 1, 0], [0, 2, 2, 2, 0]]",4.0
2026-04-03T15:31:06.132587+01:00,15:31:06,Afternoon,14,16,7,0,0,0,16,CROWDED,0,1,NORMAL,1,4,14.0,,"[[0, 0, 0, 0, 0], [3, 4, 0, 1, 0], [0, 2, 2, 2, 0]]",2.1
2026-04-03T15:31:06.526011+01:00,15:31:06,Afternoon,16,16,7,0,0,0,16,CROWDED,0,1,WARNING,2,5,14.5,CHOKE_POINT,"[[0, 0, 0, 0, 0], [0, 5, 1, 1, 0], [0, 3, 4, 2, 0]]",2.1
2026-04-03T15:31:06.935905+01:00,15:31:06,Afternoon,18,16,7,0,0,0,16,CROWDED,0,1,WARNING,2,5,14.5,CHOKE_POINT,"[[0, 0, 0, 0, 0], [0, 5, 1, 1, 0], [0, 3, 4, 2, 0]]",2.1
2026-04-03T15:31:07.368242+01:00,15:31:07,Afternoon,20,16,7,0,0,0,16,CROWDED,0,1,NORMAL,2,5,14.8,,"[[0, 0, 0, 0, 0], [0, 5, 1, 1, 0], [0, 3, 4, 2, 0]]",4.8
2026-04-03T15:31:07.910403+01:00,15:31:07,Afternoon,22,16,7,0,0,0,16,CROWDED,0,1,NORMAL,2,5,14.8,,"[[0, 0, 0, 0, 0], [0, 5, 1, 1, 0], [0, 3, 4, 2, 0]]",4.8
2026-04-03T15:31:08.708750+01:00,15:31:08,Afternoon,24,16,7,0,0,0,16,CROWDED,0,1,NORMAL,2,5,15.0,,"[[0, 0, 0, 0, 0], [0, 5, 1, 1, 0], [0, 3, 4, 2, 0]]",5.0
2026-04-03T15:31:09.262941+01:00,15:31:09,Afternoon,26,16,7,0,0,0,16,CROWDED,0,1,NORMAL,2,5,15.0,,"[[0, 0, 0, 0, 0], [0, 5, 1, 1, 0], [0, 3, 4, 2, 0]]",5.0
2026-04-03T15:31:09.808032+01:00,15:31:09,Afternoon,28,16,7,0,0,0,16,CROWDED,0,1,NORMAL,2,5,15.1,,"[[0, 0, 0, 0, 0], [0, 5, 1, 1, 0], [0, 3, 4, 2, 0]]",2.2
2026-04-03T15:31:10.381978+01:00,15:31:10,Afternoon,30,18,10,0,0,0,18,CROWDED,0,1,NORMAL,2,5,15.1,,"[[0, 0, 0, 0, 0], [0, 5, 1, 1, 0], [0, 3, 4, 2, 0]]",2.2
2026-04-03T15:31:10.931575+01:00,15:31:10,Afternoon,32,17,11,0,0,0,17,CROWDED,0,1,CRITICAL,2,5,15.4,CHOKE_POINT;GATHERING,"[[0, 0, 0, 0, 0], [5, 5, 1, 0, 0], [0, 3, 0, 2, 1]]",3.6
2026-04-03T15:31:11.478139+01:00,15:31:11,Afternoon,34,17,11,0,0,0,17,CROWDED,0,1,CRITICAL,2,5,15.4,CHOKE_POINT;GATHERING,"[[0, 0, 0, 0, 0], [5, 5, 1, 0, 0], [0, 3, 0, 2, 1]]",3.6
2026-04-03T15:31:12.021031+01:00,15:31:12,Afternoon,36,17,11,0,0,0,17,CROWDED,0,1,CRITICAL,2,5,15.6,GATHERING,"[[0, 0, 0, 0, 0], [5, 5, 1, 0, 0], [0, 3, 0, 2, 1]]",3.6
2026-04-03T15:31:12.571099+01:00,15:31:12,Afternoon,38,17,11,0,0,0,17,CROWDED,0,1,CRITICAL,2,5,15.6,GATHERING,"[[0, 0, 0, 0, 0], [5, 5, 1, 0, 0], [0, 3, 0, 2, 1]]",3.6
2026-04-03T15:31:13.109030+01:00,15:31:13,Afternoon,40,17,11,0,0,0,17,CROWDED,0,1,CRITICAL,2,5,15.9,GATHERING,"[[0, 0, 0, 0, 0], [5, 5, 1, 0, 0], [0, 3, 0, 2, 1]]",3.6
2026-04-03T15:31:13.658641+01:00,15:31:13,Afternoon,42,17,11,0,0,0,17,CROWDED,0,2,CRITICAL,2,5,15.9,GATHERING,"[[0, 0, 0, 0, 0], [5, 5, 1, 0, 0], [0, 3, 0, 2, 1]]",3.6
2026-04-03T15:31:14.202361+01:00,15:31:14,Afternoon,44,17,11,0,0,0,17,CROWDED,0,2,CRITICAL,2,5,16.2,GATHERING,"[[0, 0, 0, 0, 0], [5, 5, 1, 0, 0], [0, 3, 0, 2, 1]]",3.7
2026-04-03T15:31:14.738605+01:00,15:31:14,Afternoon,46,17,11,0,0,0,17,CROWDED,0,2,CRITICAL,2,5,16.2,GATHERING,"[[0, 0, 0, 0, 0], [5, 5, 1, 0, 0], [0, 3, 0, 2, 1]]",3.7
2026-04-03T15:31:15.231764+01:00,15:31:15,Afternoon,48,17,11,0,0,0,17,CROWDED,0,2,CRITICAL,2,5,16.6,GATHERING,"[[0, 0, 0, 0, 0], [5, 5, 1, 0, 0], [0, 3, 0, 2, 1]]",3.7
2026-04-03T15:31:15.680566+01:00,15:31:15,Afternoon,50,15,9,0,0,0,15,CROWDED,0,2,CRITICAL,2,5,16.6,GATHERING,"[[0, 0, 0, 0, 0], [5, 5, 1, 0, 0], [0, 3, 0, 2, 1]]",3.7
2026-04-03T15:31:16.140809+01:00,15:31:16,Afternoon,52,11,5,0,0,0,11,NORMAL,0,2,NORMAL,0,2,16.0,,"[[0, 0, 0, 0, 0], [1, 2, 1, 1, 0], [0, 2, 1, 2, 1]]",3.7
2026-04-03T15:31:16.636858+01:00,15:31:16,Afternoon,54,11,5,0,0,0,11,NORMAL,0,2,NORMAL,0,2,16.0,,"[[0, 0, 0, 0, 0], [1, 2, 1, 1, 0], [0, 2, 1, 2, 1]]",4.3
2026-04-03T15:31:17.138185+01:00,15:31:17,Afternoon,56,11,5,0,0,0,11,NORMAL,0,2,NORMAL,0,2,15.5,,"[[0, 0, 0, 0, 0], [1, 2, 1, 1, 0], [0, 2, 1, 2, 1]]",4.3
2026-04-03T15:31:17.661191+01:00,15:31:17,Afternoon,58,11,5,0,0,0,11,NORMAL,0,0,NORMAL,0,2,15.5,,"[[0, 0, 0, 0, 0], [1, 2, 1, 1, 0], [0, 2, 1, 2, 1]]",4.9
2026-04-03T15:31:18.197031+01:00,15:31:18,Afternoon,60,11,5,0,0,0,11,NORMAL,0,0,NORMAL,0,2,15.0,,"[[0, 0, 0, 0, 0], [1, 2, 1, 1, 0], [0, 2, 1, 2, 1]]",4.9
2026-04-03T15:31:18.719418+01:00,15:31:18,Afternoon,62,11,5,0,0,0,11,NORMAL,0,1,NORMAL,0,2,15.0,,"[[0, 0, 0, 0, 0], [1, 2, 1, 1, 0], [0, 2, 1, 2, 1]]",2.9
2026-04-03T15:31:19.255128+01:00,15:31:19,Afternoon,64,11,5,0,0,0,11,NORMAL,0,1,NORMAL,0,2,14.5,,"[[0, 0, 0, 0, 0], [1, 2, 1, 1, 0], [0, 2, 1, 2, 1]]",2.9
2026-04-03T15:31:19.777085+01:00,15:31:19,Afternoon,66,11,5,0,0,0,11,NORMAL,0,1,NORMAL,0,2,14.5,,"[[0, 0, 0, 0, 0], [1, 2, 1, 1, 0], [0, 2, 1, 2, 1]]",3.8
2026-04-03T15:31:20.290114+01:00,15:31:20,Afternoon,68,11,5,0,0,0,11,NORMAL,0,1,NORMAL,0,2,14.0,,"[[0, 0, 0, 0, 0], [1, 2, 1, 1, 0], [0, 2, 1, 2, 1]]",3.8
2026-04-03T15:31:20.811194+01:00,15:31:20,Afternoon,70,11,5,0,0,0,11,NORMAL,0,1,NORMAL,0,2,14.0,,"[[0, 0, 0, 0, 0], [1, 2, 1, 1, 0], [0, 2, 1, 2, 1]]",3.8
2026-04-03T15:31:21.275718+01:00,15:31:21,Afternoon,72,15,7,0,0,0,16,CROWDED,0,1,WARNING,1,4,13.8,CHOKE_POINT,"[[0, 0, 0, 0, 0], [1, 3, 2, 1, 0], [0, 4, 1, 3, 0]]",3.8
2026-04-03T15:31:21.836525+01:00,15:31:21,Afternoon,74,15,7,0,0,0,16,CROWDED,0,1,WARNING,1,4,13.8,CHOKE_POINT,"[[0, 0, 0, 0, 0], [1, 3, 2, 1, 0], [0, 4, 1, 3, 0]]",3.8
2026-04-03T15:31:22.334774+01:00,15:31:22,Afternoon,76,15,7,0,0,0,16,CROWDED,0,1,NORMAL,1,4,13.6,,"[[0, 0, 0, 0, 0], [1, 3, 2, 1, 0], [0, 4, 1, 3, 0]]",3.9
2026-04-03T15:31:22.843794+01:00,15:31:22,Afternoon,78,15,7,0,0,0,16,CROWDED,0,1,NORMAL,1,4,13.6,,"[[0, 0, 0, 0, 0], [1, 3, 2, 1, 0], [0, 4, 1, 3, 0]]",3.9
2026-04-03T15:31:23.346072+01:00,15:31:23,Afternoon,80,15,7,0,0,0,16,CROWDED,0,1,NORMAL,1,4,13.4,,"[[0, 0, 0, 0, 0], [1, 3, 2, 1, 0], [0, 4, 1, 3, 0]]",4.9
2026-04-03T15:31:23.861767+01:00,15:31:23,Afternoon,82,15,7,0,0,0,16,CROWDED,0,1,NORMAL,1,4,13.4,,"[[0, 0, 0, 0, 0], [1, 3, 2, 1, 0], [0, 4, 1, 3, 0]]",4.9
2026-04-03T15:31:24.387338+01:00,15:31:24,Afternoon,84,15,7,0,0,0,16,CROWDED,0,1,NORMAL,1,4,13.2,,"[[0, 0, 0, 0, 0], [1, 3, 2, 1, 0], [0, 4, 1, 3, 0]]",3.0
2026-04-03T15:31:24.936711+01:00,15:31:24,Afternoon,86,15,7,0,0,0,16,CROWDED,0,1,NORMAL,1,4,13.2,,"[[0, 0, 0, 0, 0], [1, 3, 2, 1, 0], [0, 4, 1, 3, 0]]",3.0
2026-04-03T15:31:25.630557+01:00,15:31:25,Afternoon,88,15,7,0,0,0,16,CROWDED,0,1,NORMAL,1,4,13.0,,"[[0, 0, 0, 0, 0], [1, 3, 2, 1, 0], [0, 4, 1, 3, 0]]",3.7
2026-04-03T15:31:26.316870+01:00,15:31:26,Afternoon,90,15,7,0,0,0,16,CROWDED,0,1,NORMAL,1,4,13.0,,"[[0, 0, 0, 0, 0], [1, 3, 2, 1, 0], [0, 4, 1, 3, 0]]",3.7
2026-04-03T15:31:26.931336+01:00,15:31:26,Afternoon,92,12,7,0,0,0,12,NORMAL,0,1,NORMAL,0,3,13.1,,"[[0, 0, 0, 0, 0], [2, 3, 1, 1, 0], [0, 2, 0, 2, 1]]",2.9
2026-04-03T15:31:27.638790+01:00,15:31:27,Afternoon,94,12,7,0,0,0,12,NORMAL,0,1,NORMAL,0,3,13.1,,"[[0, 0, 0, 0, 0], [2, 3, 1, 1, 0], [0, 2, 0, 2, 1]]",2.9
2026-04-03T15:31:28.334400+01:00,15:31:28,Afternoon,96,12,7,0,0,0,12,NORMAL,0,1,NORMAL,0,3,13.4,,"[[0, 0, 0, 0, 0], [2, 3, 1, 1, 0], [0, 2, 0, 2, 1]]",3.0
2026-04-03T15:31:28.885881+01:00,15:31:28,Afternoon,98,12,7,0,0,0,12,NORMAL,0,1,NORMAL,0,3,13.4,,"[[0, 0, 0, 0, 0], [2, 3, 1, 1, 0], [0, 2, 0, 2, 1]]",3.0
2026-04-03T15:31:29.419871+01:00,15:31:29,Afternoon,100,12,7,0,0,0,12,NORMAL,0,1,NORMAL,0,3,13.6,,"[[0, 0, 0, 0, 0], [2, 3, 1, 1, 0], [0, 2, 0, 2, 1]]",3.2
2026-04-03T15:31:29.961005+01:00,15:31:29,Afternoon,102,12,7,0,0,0,12,NORMAL,0,0,NORMAL,0,3,13.6,,"[[0, 0, 0, 0, 0], [2, 3, 1, 1, 0], [0, 2, 0, 2, 1]]",3.2
2026-04-03T15:31:30.479977+01:00,15:31:30,Afternoon,104,12,7,0,0,0,12,NORMAL,0,0,NORMAL,0,3,13.7,,"[[0, 0, 0, 0, 0], [2, 3, 1, 1, 0], [0, 2, 0, 2, 1]]",3.7
2026-04-03T15:31:31.008944+01:00,15:31:31,Afternoon,106,12,7,0,0,0,12,NORMAL,0,0,NORMAL,0,3,13.7,,"[[0, 0, 0, 0, 0], [2, 3, 1, 1, 0], [0, 2, 0, 2, 1]]",3.7
2026-04-03T15:31:31.561721+01:00,15:31:31,Afternoon,108,12,7,0,0,0,12,NORMAL,0,0,NORMAL,0,3,13.3,,"[[0, 0, 0, 0, 0], [2, 3, 1, 1, 0], [0, 2, 0, 2, 1]]",3.8
2026-04-03T15:31:32.084206+01:00,15:31:32,Afternoon,110,13,5,0,0,0,14,NORMAL,0,0,NORMAL,0,3,13.3,,"[[0, 0, 0, 0, 0], [2, 3, 1, 1, 0], [0, 2, 0, 2, 1]]",3.8
2026-04-03T15:31:32.611815+01:00,15:31:32,Afternoon,112,13,5,0,0,0,14,NORMAL,0,0,WARNING,2,4,13.1,CHOKE_POINT;CHOKE_POINT,"[[0, 0, 0, 0, 0], [0, 4, 1, 1, 0], [0, 2, 1, 4, 0]]",3.7
2026-04-03T15:31:33.138056+01:00,15:31:33,Afternoon,114,13,5,0,0,0,14,NORMAL,0,0,WARNING,2,4,13.1,CHOKE_POINT;CHOKE_POINT,"[[0, 0, 0, 0, 0], [0, 4, 1, 1, 0], [0, 2, 1, 4, 0]]",3.7
2026-04-03T15:31:33.658661+01:00,15:31:33,Afternoon,116,13,5,0,0,0,14,NORMAL,0,0,NORMAL,2,4,12.9,,"[[0, 0, 0, 0, 0], [0, 4, 1, 1, 0], [0, 2, 1, 4, 0]]",3.8
2026-04-03T15:31:34.188852+01:00,15:31:34,Afternoon,118,13,5,0,0,0,14,NORMAL,0,0,NORMAL,2,4,12.9,,"[[0, 0, 0, 0, 0], [0, 4, 1, 1, 0], [0, 2, 1, 4, 0]]",3.8
2026-04-03T15:31:34.726432+01:00,15:31:34,Afternoon,120,13,5,0,0,0,14,NORMAL,0,0,NORMAL,2,4,12.7,,"[[0, 0, 0, 0, 0], [0, 4, 1, 1, 0], [0, 2, 1, 4, 0]]",3.8
2026-04-03T15:31:35.246153+01:00,15:31:35,Afternoon,122,13,5,0,0,0,14,NORMAL,0,0,NORMAL,2,4,12.7,,"[[0, 0, 0, 0, 0], [0, 4, 1, 1, 0], [0, 2, 1, 4, 0]]",3.8
2026-04-03T15:31:35.734566+01:00,15:31:35,Afternoon,124,13,5,0,0,0,14,NORMAL,0,0,NORMAL,2,4,12.4,,"[[0, 0, 0, 0, 0], [0, 4, 1, 1, 0], [0, 2, 1, 4, 0]]",3.8
2026-04-03T15:31:36.222027+01:00,15:31:36,Afternoon,126,13,5,0,0,0,14,NORMAL,0,0,NORMAL,2,4,12.4,,"[[0, 0, 0, 0, 0], [0, 4, 1, 1, 0], [0, 2, 1, 4, 0]]",3.8
2026-04-03T15:31:36.804835+01:00,15:31:36,Afternoon,128,13,5,0,0,0,14,NORMAL,0,0,NORMAL,2,4,12.5,,"[[0, 0, 0, 0, 0], [0, 4, 1, 1, 0], [0, 2, 1, 4, 0]]",3.8
2026-04-03T15:31:37.345862+01:00,15:31:37,Afternoon,130,17,10,0,0,0,17,CROWDED,0,0,NORMAL,2,4,12.5,,"[[0, 0, 0, 0, 0], [0, 4, 1, 1, 0], [0, 2, 1, 4, 0]]",3.8
2026-04-03T15:31:37.906243+01:00,15:31:37,Afternoon,132,17,10,0,0,0,17,CROWDED,0,0,NORMAL,1,8,13.0,,"[[0, 0, 0, 0, 0], [0, 8, 2, 1, 0], [0, 3, 0, 3, 0]]",3.8
2026-04-03T15:31:38.460265+01:00,15:31:38,Afternoon,134,17,10,0,0,0,17,CROWDED,0,0,NORMAL,1,8,13.0,,"[[0, 0, 0, 0, 0], [0, 8, 2, 1, 0], [0, 3, 0, 3, 0]]",3.6
2026-04-03T15:31:39.017569+01:00,15:31:39,Afternoon,136,17,10,0,0,0,17,CROWDED,0,0,NORMAL,1,8,13.5,,"[[0, 0, 0, 0, 0], [0, 8, 2, 1, 0], [0, 3, 0, 3, 0]]",3.6
2026-04-03T15:31:39.576322+01:00,15:31:39,Afternoon,138,17,10,0,0,0,17,CROWDED,0,0,NORMAL,1,8,13.5,,"[[0, 0, 0, 0, 0], [0, 8, 2, 1, 0], [0, 3, 0, 3, 0]]",3.6
2026-04-03T15:31:40.073642+01:00,15:31:40,Afternoon,140,17,10,0,0,0,17,CROWDED,0,0,CRITICAL,1,8,14.0,GATHERING,"[[0, 0, 0, 0, 0], [0, 8, 2, 1, 0], [0, 3, 0, 3, 0]]",3.6
2026-04-03T15:31:40.615994+01:00,15:31:40,Afternoon,142,17,10,0,0,0,17,CROWDED,0,0,CRITICAL,1,8,14.0,GATHERING,"[[0, 0, 0, 0, 0], [0, 8, 2, 1, 0], [0, 3, 0, 3, 0]]",3.8
2026-04-03T15:31:41.127217+01:00,15:31:41,Afternoon,144,17,10,0,0,0,17,CROWDED,0,0,CRITICAL,1,8,14.5,GATHERING,"[[0, 0, 0, 0, 0], [0, 8, 2, 1, 0], [0, 3, 0, 3, 0]]",3.8
2026-04-03T15:31:41.672509+01:00,15:31:41,Afternoon,146,17,10,0,0,0,17,CROWDED,0,0,CRITICAL,1,8,14.5,GATHERING,"[[0, 0, 0, 0, 0], [0, 8, 2, 1, 0], [0, 3, 0, 3, 0]]",3.8
2026-04-03T15:31:42.229479+01:00,15:31:42,Afternoon,148,17,10,0,0,0,17,CROWDED,0,0,CRITICAL,1,8,15.0,GATHERING,"[[0, 0, 0, 0, 0], [0, 8, 2, 1, 0], [0, 3, 0, 3, 0]]",3.8
2026-04-03T15:31:42.779339+01:00,15:31:42,Afternoon,150,14,8,0,0,0,15,NORMAL,0,0,CRITICAL,1,8,15.0,GATHERING,"[[0, 0, 0, 0, 0], [0, 8, 2, 1, 0], [0, 3, 0, 3, 0]]",3.7
2026-04-03T15:31:43.322897+01:00,15:31:43,Afternoon,152,14,8,0,0,0,15,NORMAL,0,0,CRITICAL,2,6,15.1,GATHERING;CHOKE_POINT,"[[0, 0, 0, 0, 0], [0, 6, 1, 1, 0], [0, 2, 4, 0, 0]]",3.7
2026-04-03T15:31:43.867717+01:00,15:31:43,Afternoon,154,14,8,0,0,0,15,NORMAL,0,0,CRITICAL,2,6,15.1,GATHERING;CHOKE_POINT,"[[0, 0, 0, 0, 0], [0, 6, 1, 1, 0], [0, 2, 4, 0, 0]]",3.7
2026-04-03T15:31:44.411648+01:00,15:31:44,Afternoon,156,14,8,0,0,0,15,NORMAL,0,0,CRITICAL,2,6,15.2,GATHERING,"[[0, 0, 0, 0, 0], [0, 6, 1, 1, 0], [0, 2, 4, 0, 0]]",3.7
2026-04-03T15:31:44.938813+01:00,15:31:44,Afternoon,158,14,8,0,0,0,15,NORMAL,0,0,CRITICAL,2,6,15.2,GATHERING,"[[0, 0, 0, 0, 0], [0, 6, 1, 1, 0], [0, 2, 4, 0, 0]]",3.6
2026-04-03T15:31:45.444220+01:00,15:31:45,Afternoon,160,14,8,0,0,0,15,NORMAL,0,0,CRITICAL,2,6,15.3,GATHERING,"[[0, 0, 0, 0, 0], [0, 6, 1, 1, 0], [0, 2, 4, 0, 0]]",3.6
2026-04-03T15:31:46.001282+01:00,15:31:46,Afternoon,162,14,8,0,0,0,15,NORMAL,0,0,CRITICAL,2,6,15.3,GATHERING,"[[0, 0, 0, 0, 0], [0, 6, 1, 1, 0], [0, 2, 4, 0, 0]]",3.9
2026-04-03T15:31:46.531409+01:00,15:31:46,Afternoon,164,14,8,0,0,0,15,NORMAL,0,0,CRITICAL,2,6,15.4,GATHERING,"[[0, 0, 0, 0, 0], [0, 6, 1, 1, 0], [0, 2, 4, 0, 0]]",3.9
2026-04-03T15:31:47.052059+01:00,15:31:47,Afternoon,166,14,8,0,0,0,15,NORMAL,0,0,CRITICAL,2,6,15.4,GATHERING,"[[0, 0, 0, 0, 0], [0, 6, 1, 1, 0], [0, 2, 4, 0, 0]]",3.7
2026-04-03T15:31:47.629236+01:00,15:31:47,Afternoon,168,14,8,0,0,0,15,NORMAL,0,0,CRITICAL,2,6,15.5,GATHERING,"[[0, 0, 0, 0, 0], [0, 6, 1, 1, 0], [0, 2, 4, 0, 0]]",3.7
2026-04-03T15:31:48.136850+01:00,15:31:48,Afternoon,170,11,1,0,0,0,11,NORMAL,0,0,CRITICAL,2,6,15.5,GATHERING,"[[0, 0, 0, 0, 0], [0, 6, 1, 1, 0], [0, 2, 4, 0, 0]]",3.7
2026-04-03T15:31:48.645922+01:00,15:31:48,Afternoon,172,11,1,0,0,0,11,NORMAL,0,0,WARNING,1,4,14.9,CHOKE_POINT,"[[0, 0, 0, 0, 0], [0, 1, 0, 1, 0], [0, 4, 3, 2, 0]]",3.7
2026-04-03T15:31:49.152201+01:00,15:31:49,Afternoon,174,11,1,0,0,0,11,NORMAL,0,0,WARNING,1,4,14.9,CHOKE_POINT,"[[0, 0, 0, 0, 0], [0, 1, 0, 1, 0], [0, 4, 3, 2, 0]]",3.9
2026-04-03T15:31:49.605848+01:00,15:31:49,Afternoon,176,11,1,0,0,0,11,NORMAL,0,0,NORMAL,1,4,14.3,,"[[0, 0, 0, 0, 0], [0, 1, 0, 1, 0], [0, 4, 3, 2, 0]]",3.9
2026-04-03T15:31:50.117558+01:00,15:31:50,Afternoon,178,11,1,0,0,0,11,NORMAL,0,0,NORMAL,1,4,14.3,,"[[0, 0, 0, 0, 0], [0, 1, 0, 1, 0], [0, 4, 3, 2, 0]]",3.9
2026-04-03T15:31:50.624209+01:00,15:31:50,Afternoon,180,11,1,0,0,0,11,NORMAL,0,0,NORMAL,1,4,13.7,,"[[0, 0, 0, 0, 0], [0, 1, 0, 1, 0], [0, 4, 3, 2, 0]]",4.1
2026-04-03T15:31:51.123327+01:00,15:31:51,Afternoon,182,11,1,0,0,0,11,NORMAL,0,0,NORMAL,1,4,13.7,,"[[0, 0, 0, 0, 0], [0, 1, 0, 1, 0], [0, 4, 3, 2, 0]]",4.1
2026-04-03T15:31:51.632202+01:00,15:31:51,Afternoon,184,11,1,0,0,0,11,NORMAL,0,0,NORMAL,1,4,13.1,,"[[0, 0, 0, 0, 0], [0, 1, 0, 1, 0], [0, 4, 3, 2, 0]]",4.9
2026-04-03T15:31:52.186132+01:00,15:31:52,Afternoon,186,11,1,0,0,0,11,NORMAL,0,0,NORMAL,1,4,13.1,,"[[0, 0, 0, 0, 0], [0, 1, 0, 1, 0], [0, 4, 3, 2, 0]]",4.9
2026-04-03T15:31:52.718806+01:00,15:31:52,Afternoon,188,13,5,0,0,0,13,NORMAL,0,0,WARNING,1,4,12.7,CHOKE_POINT,"[[0, 0, 0, 0, 0], [1, 1, 2, 1, 0], [0, 2, 4, 2, 0]]",2.8
2026-04-03T15:31:53.259936+01:00,15:31:53,Afternoon,190,17,9,0,0,0,17,CROWDED,0,0,WARNING,1,4,12.7,CHOKE_POINT,"[[0, 0, 0, 0, 0], [1, 1, 2, 1, 0], [0, 2, 4, 2, 0]]",2.8
2026-04-03T15:31:53.807786+01:00,15:31:53,Afternoon,192,17,9,0,0,0,17,CROWDED,0,0,WARNING,1,5,13.0,CHOKE_POINT,"[[0, 0, 0, 0, 0], [2, 5, 3, 1, 0], [0, 2, 3, 1, 0]]",3.8
2026-04-03T15:31:54.323366+01:00,15:31:54,Afternoon,194,17,9,0,0,0,17,CROWDED,0,0,WARNING,1,5,13.0,CHOKE_POINT,"[[0, 0, 0, 0, 0], [2, 5, 3, 1, 0], [0, 2, 3, 1, 0]]",3.8
2026-04-03T15:31:54.858873+01:00,15:31:54,Afternoon,196,17,9,0,0,0,17,CROWDED,0,0,NORMAL,1,5,13.3,,"[[0, 0, 0, 0, 0], [2, 5, 3, 1, 0], [0, 2, 3, 1, 0]]",3.7
2026-04-03T15:31:55.369203+01:00,15:31:55,Afternoon,198,17,9,0,0,0,17,CROWDED,0,0,NORMAL,1,5,13.3,,"[[0, 0, 0, 0, 0], [2, 5, 3, 1, 0], [0, 2, 3, 1, 0]]",3.7
2026-04-03T15:31:55.895999+01:00,15:31:55,Afternoon,200,17,9,0,0,0,17,CROWDED,0,0,NORMAL,1,5,13.6,,"[[0, 0, 0, 0, 0], [2, 5, 3, 1, 0], [0, 2, 3, 1, 0]]",3.8
2026-04-03T15:31:56.386407+01:00,15:31:56,Afternoon,202,17,9,0,0,0,17,CROWDED,0,0,NORMAL,1,5,13.6,,"[[0, 0, 0, 0, 0], [2, 5, 3, 1, 0], [0, 2, 3, 1, 0]]",3.8
2026-04-03T15:31:56.859402+01:00,15:31:56,Afternoon,204,17,9,0,0,0,17,CROWDED,0,0,NORMAL,1,5,13.9,,"[[0, 0, 0, 0, 0], [2, 5, 3, 1, 0], [0, 2, 3, 1, 0]]",4.0
2026-04-03T15:31:57.343397+01:00,15:31:57,Afternoon,206,17,9,0,0,0,17,CROWDED,0,0,NORMAL,1,5,13.9,,"[[0, 0, 0, 0, 0], [2, 5, 3, 1, 0], [0, 2, 3, 1, 0]]",4.0
2026-04-03T15:31:57.872590+01:00,15:31:57,Afternoon,208,17,9,0,0,0,17,CROWDED,0,0,NORMAL,1,5,14.2,,"[[0, 0, 0, 0, 0], [2, 5, 3, 1, 0], [0, 2, 3, 1, 0]]",4.0
2026-04-03T15:31:58.383588+01:00,15:31:58,Afternoon,210,25,15,0,0,0,26,CROWDED,0,0,NORMAL,1,5,14.2,,"[[0, 0, 0, 0, 0], [2, 5, 3, 1, 0], [0, 2, 3, 1, 0]]",4.0
2026-04-03T15:31:58.922314+01:00,15:31:58,Afternoon,212,25,15,0,0,0,26,CROWDED,0,0,WARNING,3,11,15.6,CHOKE_POINT;CHOKE_POINT,"[[0, 0, 0, 0, 0], [3, 11, 0, 1, 0], [1, 4, 5, 0, 0]]",4.0
2026-04-03T15:31:59.438109+01:00,15:31:59,Afternoon,214,25,15,0,0,0,26,CROWDED,0,0,WARNING,3,11,15.6,CHOKE_POINT;CHOKE_POINT,"[[0, 0, 0, 0, 0], [3, 11, 0, 1, 0], [1, 4, 5, 0, 0]]",3.8
2026-04-03T15:32:00.062122+01:00,15:32:00,Afternoon,216,25,15,0,0,0,26,CROWDED,0,0,NORMAL,3,11,17.0,,"[[0, 0, 0, 0, 0], [3, 11, 0, 1, 0], [1, 4, 5, 0, 0]]",3.8
2026-04-03T15:32:00.795967+01:00,15:32:00,Afternoon,218,25,15,0,0,0,26,CROWDED,0,0,NORMAL,3,11,17.0,,"[[0, 0, 0, 0, 0], [3, 11, 0, 1, 0], [1, 4, 5, 0, 0]]",3.5
2026-04-03T15:32:01.351566+01:00,15:32:01,Afternoon,220,25,15,0,0,0,26,CROWDED,0,0,CRITICAL,3,11,18.4,GATHERING,"[[0, 0, 0, 0, 0], [3, 11, 0, 1, 0], [1, 4, 5, 0, 0]]",3.5
2026-04-03T15:32:01.892430+01:00,15:32:01,Afternoon,222,25,15,0,0,0,26,CROWDED,0,0,CRITICAL,3,11,18.4,GATHERING,"[[0, 0, 0, 0, 0], [3, 11, 0, 1, 0], [1, 4, 5, 0, 0]]",3.1
2026-04-03T15:32:02.535006+01:00,15:32:02,Afternoon,224,25,15,0,0,0,26,CROWDED,0,0,CRITICAL,3,11,19.8,GATHERING,"[[0, 0, 0, 0, 0], [3, 11, 0, 1, 0], [1, 4, 5, 0, 0]]",3.1
2026-04-03T15:32:03.082592+01:00,15:32:03,Afternoon,226,25,15,0,0,0,26,CROWDED,0,0,CRITICAL,3,11,19.8,GATHERING,"[[0, 0, 0, 0, 0], [3, 11, 0, 1, 0], [1, 4, 5, 0, 0]]",3.4
2026-04-03T15:32:03.547664+01:00,15:32:03,Afternoon,228,17,9,0,0,0,17,CROWDED,0,0,CRITICAL,2,6,20.2,GATHERING,"[[0, 0, 0, 0, 0], [2, 6, 1, 1, 0], [0, 4, 2, 0, 1]]",3.4
2026-04-03T15:32:04.124337+01:00,15:32:04,Afternoon,230,17,9,0,0,0,17,CROWDED,0,0,CRITICAL,2,6,20.2,GATHERING,"[[0, 0, 0, 0, 0], [2, 6, 1, 1, 0], [0, 4, 2, 0, 1]]",4.0
2026-04-03T15:32:04.691665+01:00,15:32:04,Afternoon,232,17,9,0,0,0,17,CROWDED,0,0,CRITICAL,2,6,20.2,GATHERING,"[[0, 0, 0, 0, 0], [2, 6, 1, 1, 0], [0, 4, 2, 0, 1]]",4.0
2026-04-03T15:32:05.268366+01:00,15:32:05,Afternoon,234,17,9,0,0,0,17,CROWDED,0,0,CRITICAL,2,6,20.2,GATHERING,"[[0, 0, 0, 0, 0], [2, 6, 1, 1, 0], [0, 4, 2, 0, 1]]",3.5
2026-04-03T15:32:05.862388+01:00,15:32:05,Afternoon,236,17,9,0,0,0,17,CROWDED,0,0,CRITICAL,2,6,20.2,GATHERING,"[[0, 0, 0, 0, 0], [2, 6, 1, 1, 0], [0, 4, 2, 0, 1]]",3.5
2026-04-03T15:32:06.493198+01:00,15:32:06,Afternoon,238,17,9,0,0,0,17,CROWDED,0,0,CRITICAL,2,6,20.2,GATHERING,"[[0, 0, 0, 0, 0], [2, 6, 1, 1, 0], [0, 4, 2, 0, 1]]",3.4
2026-04-03T15:32:06.958864+01:00,15:32:06,Afternoon,240,17,9,0,0,0,17,CROWDED,0,0,CRITICAL,2,6,20.6,GATHERING;GATHERING,"[[0, 0, 0, 0, 0], [2, 6, 1, 1, 0], [0, 4, 2, 0, 1]]",3.4
2026-04-03T15:32:07.497215+01:00,15:32:07,Afternoon,242,17,9,0,0,0,17,CROWDED,0,0,CRITICAL,2,6,20.6,GATHERING;GATHERING,"[[0, 0, 0, 0, 0], [2, 6, 1, 1, 0], [0, 4, 2, 0, 1]]",3.6
2026-04-03T15:32:08.038181+01:00,15:32:08,Afternoon,244,17,9,0,0,0,17,CROWDED,0,0,CRITICAL,2,6,20.6,GATHERING;GATHERING,"[[0, 0, 0, 0, 0], [2, 6, 1, 1, 0], [0, 4, 2, 0, 1]]",3.6
2026-04-03T15:32:08.597079+01:00,15:32:08,Afternoon,246,17,9,0,0,0,17,CROWDED,0,0,CRITICAL,2,6,20.6,GATHERING;GATHERING,"[[0, 0, 0, 0, 0], [2, 6, 1, 1, 0], [0, 4, 2, 0, 1]]",3.8
2026-04-03T15:32:09.126255+01:00,15:32:09,Afternoon,248,13,6,0,0,0,13,NORMAL,0,0,NORMAL,0,3,19.2,,"[[0, 0, 0, 0, 0], [1, 3, 0, 2, 0], [1, 3, 2, 1, 0]]",3.8
2026-04-03T15:32:09.639032+01:00,15:32:09,Afternoon,250,13,6,0,0,0,13,NORMAL,0,0,NORMAL,0,3,19.2,,"[[0, 0, 0, 0, 0], [1, 3, 0, 2, 0], [1, 3, 2, 1, 0]]",3.7
2026-04-03T15:32:10.159044+01:00,15:32:10,Afternoon,252,13,6,0,0,0,13,NORMAL,0,0,NORMAL,0,3,17.9,,"[[0, 0, 0, 0, 0], [1, 3, 0, 2, 0], [1, 3, 2, 1, 0]]",3.7
2026-04-03T15:32:10.720361+01:00,15:32:10,Afternoon,254,13,6,0,0,0,13,NORMAL,0,0,NORMAL,0,3,17.9,,"[[0, 0, 0, 0, 0], [1, 3, 0, 2, 0], [1, 3, 2, 1, 0]]",3.9
2026-04-03T15:32:11.262455+01:00,15:32:11,Afternoon,256,13,6,0,0,0,13,NORMAL,0,0,NORMAL,0,3,17.4,,"[[0, 0, 0, 0, 0], [1, 3, 0, 2, 0], [1, 3, 2, 1, 0]]",3.9
2026-04-03T15:32:11.792881+01:00,15:32:11,Afternoon,258,13,6,0,0,0,13,NORMAL,0,0,NORMAL,0,3,17.4,,"[[0, 0, 0, 0, 0], [1, 3, 0, 2, 0], [1, 3, 2, 1, 0]]",3.6
2026-04-03T15:32:12.339609+01:00,15:32:12,Afternoon,260,13,6,0,0,0,13,NORMAL,0,0,NORMAL,0,3,16.2,,"[[0, 0, 0, 0, 0], [1, 3, 0, 2, 0], [1, 3, 2, 1, 0]]",3.6
2026-04-03T15:32:12.877045+01:00,15:32:12,Afternoon,262,13,6,0,0,0,13,NORMAL,0,0,NORMAL,0,3,16.2,,"[[0, 0, 0, 0, 0], [1, 3, 0, 2, 0], [1, 3, 2, 1, 0]]",3.7
2026-04-03T15:32:13.426421+01:00,15:32:13,Afternoon,264,13,6,0,0,0,13,NORMAL,0,0,NORMAL,0,3,15.0,,"[[0, 0, 0, 0, 0], [1, 3, 0, 2, 0], [1, 3, 2, 1, 0]]",3.7
2026-04-03T15:32:13.956904+01:00,15:32:13,Afternoon,266,11,6,0,0,0,11,NORMAL,0,0,NORMAL,0,3,15.0,,"[[0, 0, 0, 0, 0], [1, 3, 0, 2, 0], [1, 3, 2, 1, 0]]",3.7
2026-04-03T15:32:14.511773+01:00,15:32:14,Afternoon,268,9,5,0,0,0,10,NORMAL,0,0,NORMAL,0,3,14.2,,"[[0, 0, 0, 0, 0], [3, 1, 1, 1, 0], [0, 2, 0, 0, 1]]",3.7
2026-04-03T15:32:15.004951+01:00,15:32:15,Afternoon,270,9,5,0,0,0,10,NORMAL,0,0,NORMAL,0,3,14.2,,"[[0, 0, 0, 0, 0], [3, 1, 1, 1, 0], [0, 2, 0, 0, 1]]",3.7
2026-04-03T15:32:15.496686+01:00,15:32:15,Afternoon,272,9,5,0,0,0,10,NORMAL,0,0,NORMAL,0,3,13.4,,"[[0, 0, 0, 0, 0], [3, 1, 1, 1, 0], [0, 2, 0, 0, 1]]",3.7
2026-04-03T15:32:15.971826+01:00,15:32:15,Afternoon,274,9,5,0,0,0,10,NORMAL,0,0,NORMAL,0,3,13.4,,"[[0, 0, 0, 0, 0], [3, 1, 1, 1, 0], [0, 2, 0, 0, 1]]",5.0
2026-04-03T15:32:16.532182+01:00,15:32:16,Afternoon,276,9,5,0,0,0,10,NORMAL,0,0,NORMAL,0,3,12.6,,"[[0, 0, 0, 0, 0], [3, 1, 1, 1, 0], [0, 2, 0, 0, 1]]",5.0
2026-04-03T15:32:17.045349+01:00,15:32:17,Afternoon,278,9,5,0,0,0,10,NORMAL,0,0,NORMAL,0,3,12.6,,"[[0, 0, 0, 0, 0], [3, 1, 1, 1, 0], [0, 2, 0, 0, 1]]",2.9
2026-04-03T15:32:17.726074+01:00,15:32:17,Afternoon,280,9,5,0,0,0,10,NORMAL,0,0,NORMAL,0,3,11.8,,"[[0, 0, 0, 0, 0], [3, 1, 1, 1, 0], [0, 2, 0, 0, 1]]",2.9
2026-04-03T15:32:18.240254+01:00,15:32:18,Afternoon,282,9,5,0,0,0,10,NORMAL,0,0,NORMAL,0,3,11.8,,"[[0, 0, 0, 0, 0], [3, 1, 1, 1, 0], [0, 2, 0, 0, 1]]",3.4
2026-04-03T15:32:18.809362+01:00,15:32:18,Afternoon,284,9,5,0,0,0,10,NORMAL,0,0,NORMAL,0,3,11.0,,"[[0, 0, 0, 0, 0], [3, 1, 1, 1, 0], [0, 2, 0, 0, 1]]",3.4
2026-04-03T15:32:19.328183+01:00,15:32:19,Afternoon,286,18,10,0,0,0,18,CROWDED,0,0,NORMAL,0,3,11.0,,"[[0, 0, 0, 0, 0], [3, 1, 1, 1, 0], [0, 2, 0, 0, 1]]",3.7
2026-04-03T15:32:19.858776+01:00,15:32:19,Afternoon,288,18,10,0,0,0,18,CROWDED,0,0,WARNING,2,5,11.5,CHOKE_POINT;CHOKE_POINT,"[[0, 0, 0, 0, 0], [5, 4, 0, 1, 0], [1, 2, 3, 2, 0]]",3.7
2026-04-03T15:32:20.389939+01:00,15:32:20,Afternoon,290,18,10,0,0,0,18,CROWDED,0,0,WARNING,2,5,11.5,CHOKE_POINT;CHOKE_POINT,"[[0, 0, 0, 0, 0], [5, 4, 0, 1, 0], [1, 2, 3, 2, 0]]",3.8
2026-04-03T15:32:20.951795+01:00,15:32:20,Afternoon,292,18,10,0,0,0,18,CROWDED,0,0,NORMAL,2,5,12.0,,"[[0, 0, 0, 0, 0], [5, 4, 0, 1, 0], [1, 2, 3, 2, 0]]",3.8
2026-04-03T15:32:21.496749+01:00,15:32:21,Afternoon,294,18,10,0,0,0,18,CROWDED,0,0,NORMAL,2,5,12.0,,"[[0, 0, 0, 0, 0], [5, 4, 0, 1, 0], [1, 2, 3, 2, 0]]",3.7
2026-04-03T15:32:21.992372+01:00,15:32:21,Afternoon,296,18,10,0,0,0,18,CROWDED,0,0,NORMAL,2,5,12.5,,"[[0, 0, 0, 0, 0], [5, 4, 0, 1, 0], [1, 2, 3, 2, 0]]",3.7
2026-04-03T15:32:22.567289+01:00,15:32:22,Afternoon,298,18,10,0,0,0,18,CROWDED,0,0,NORMAL,2,5,12.5,,"[[0, 0, 0, 0, 0], [5, 4, 0, 1, 0], [1, 2, 3, 2, 0]]",3.8
2026-04-03T15:32:23.169256+01:00,15:32:23,Afternoon,300,18,10,0,0,0,18,CROWDED,0,0,NORMAL,2,5,13.0,,"[[0, 0, 0, 0, 0], [5, 4, 0, 1, 0], [1, 2, 3, 2, 0]]",3.8
2026-04-03T15:32:23.770068+01:00,15:32:23,Afternoon,302,18,10,0,0,0,18,CROWDED,0,0,NORMAL,2,5,13.0,,"[[0, 0, 0, 0, 0], [5, 4, 0, 1, 0], [1, 2, 3, 2, 0]]",3.4
2026-04-03T15:32:24.368952+01:00,15:32:24,Afternoon,304,18,10,0,0,0,18,CROWDED,0,0,NORMAL,2,5,13.5,,"[[0, 0, 0, 0, 0], [5, 4, 0, 1, 0], [1, 2, 3, 2, 0]]",3.4
2026-04-03T15:32:24.929182+01:00,15:32:24,Afternoon,306,12,5,0,0,0,12,NORMAL,0,0,NORMAL,2,5,13.5,,"[[0, 0, 0, 0, 0], [5, 4, 0, 1, 0], [1, 2, 3, 2, 0]]",3.3
2026-04-03T15:32:25.553640+01:00,15:32:25,Afternoon,308,12,5,0,0,0,12,NORMAL,0,0,NORMAL,0,3,14.3,,"[[0, 0, 0, 0, 0], [1, 2, 1, 1, 0], [0, 1, 3, 2, 1]]",3.3
2026-04-03T15:32:26.036923+01:00,15:32:26,Afternoon,310,12,5,0,0,0,12,NORMAL,0,0,NORMAL,0,3,14.3,,"[[0, 0, 0, 0, 0], [1, 2, 1, 1, 0], [0, 1, 3, 2, 1]]",3.4
2026-04-03T15:32:26.546477+01:00,15:32:26,Afternoon,312,12,5,0,0,0,12,NORMAL,0,0,NORMAL,0,3,14.7,,"[[0, 0, 0, 0, 0], [1, 2, 1, 1, 0], [0, 1, 3, 2, 1]]",3.4
2026-04-03T15:32:27.020152+01:00,15:32:27,Afternoon,314,12,5,0,0,0,12,NORMAL,0,0,NORMAL,0,3,14.7,,"[[0, 0, 0, 0, 0], [1, 2, 1, 1, 0], [0, 1, 3, 2, 1]]",5.0
2026-04-03T15:32:27.482409+01:00,15:32:27,Afternoon,316,12,5,0,0,0,12,NORMAL,0,0,NORMAL,0,3,14.4,,"[[0, 0, 0, 0, 0], [1, 2, 1, 1, 0], [0, 1, 3, 2, 1]]",5.0
2026-04-03T15:32:28.038571+01:00,15:32:28,Afternoon,318,12,5,0,0,0,12,NORMAL,0,0,NORMAL,0,3,14.4,,"[[0, 0, 0, 0, 0], [1, 2, 1, 1, 0], [0, 1, 3, 2, 1]]",5.0
2026-04-03T15:32:28.663080+01:00,15:32:28,Afternoon,320,12,5,0,0,0,12,NORMAL,0,0,NORMAL,0,3,14.7,,"[[0, 0, 0, 0, 0], [1, 2, 1, 1, 0], [0, 1, 3, 2, 1]]",3.4
2026-04-03T15:32:29.374199+01:00,15:32:29,Afternoon,322,12,5,0,0,0,12,NORMAL,0,0,NORMAL,0,3,14.7,,"[[0, 0, 0, 0, 0], [1, 2, 1, 1, 0], [0, 1, 3, 2, 1]]",3.4
2026-04-03T15:32:30.027733+01:00,15:32:30,Afternoon,324,16,7,0,0,0,16,CROWDED,0,0,WARNING,1,4,15.1,CHOKE_POINT,"[[0, 0, 0, 0, 0], [2, 3, 1, 1, 0], [0, 3, 4, 2, 0]]",3.0
2026-04-03T15:32:30.591523+01:00,15:32:30,Afternoon,326,17,8,0,0,0,17,CROWDED,0,0,WARNING,1,4,15.1,CHOKE_POINT,"[[0, 0, 0, 0, 0], [2, 3, 1, 1, 0], [0, 3, 4, 2, 0]]",3.0
2026-04-03T15:32:31.138349+01:00,15:32:31,Afternoon,328,17,8,0,0,0,17,CROWDED,0,0,NORMAL,1,4,15.0,,"[[0, 0, 0, 0, 0], [2, 3, 0, 3, 0], [0, 3, 4, 2, 0]]",3.3
2026-04-03T15:32:31.703620+01:00,15:32:31,Afternoon,330,17,8,0,0,0,17,CROWDED,0,0,NORMAL,1,4,15.0,,"[[0, 0, 0, 0, 0], [2, 3, 0, 3, 0], [0, 3, 4, 2, 0]]",3.3
2026-04-03T15:32:32.270837+01:00,15:32:32,Afternoon,332,17,8,0,0,0,17,CROWDED,0,0,NORMAL,1,4,14.9,,"[[0, 0, 0, 0, 0], [2, 3, 0, 3, 0], [0, 3, 4, 2, 0]]",3.6
2026-04-03T15:32:32.790572+01:00,15:32:32,Afternoon,334,17,8,0,0,0,17,CROWDED,0,0,NORMAL,1,4,14.9,,"[[0, 0, 0, 0, 0], [2, 3, 0, 3, 0], [0, 3, 4, 2, 0]]",3.6
2026-04-03T15:32:33.306541+01:00,15:32:33,Afternoon,336,17,8,0,0,0,17,CROWDED,0,0,NORMAL,1,4,14.8,,"[[0, 0, 0, 0, 0], [2, 3, 0, 3, 0], [0, 3, 4, 2, 0]]",3.7
2026-04-03T15:32:33.826154+01:00,15:32:33,Afternoon,338,17,8,0,0,0,17,CROWDED,0,0,NORMAL,1,4,14.8,,"[[0, 0, 0, 0, 0], [2, 3, 0, 3, 0], [0, 3, 4, 2, 0]]",3.7
2026-04-03T15:32:34.389275+01:00,15:32:34,Afternoon,340,17,8,0,0,0,17,CROWDED,0,0,NORMAL,1,4,14.7,,"[[0, 0, 0, 0, 0], [2, 3, 0, 3, 0], [0, 3, 4, 2, 0]]",3.9
2026-04-03T15:32:34.956216+01:00,15:32:34,Afternoon,342,17,8,0,0,0,17,CROWDED,0,0,NORMAL,1,4,14.7,,"[[0, 0, 0, 0, 0], [2, 3, 0, 3, 0], [0, 3, 4, 2, 0]]",3.9
2026-04-03T15:32:35.463197+01:00,15:32:35,Afternoon,344,12,4,0,0,0,12,NORMAL,0,0,NORMAL,0,3,14.4,,"[[0, 0, 0, 0, 0], [0, 2, 0, 2, 0], [1, 2, 3, 1, 1]]",3.5
2026-04-03T15:32:35.988947+01:00,15:32:35,Afternoon,346,12,4,0,0,0,12,NORMAL,0,0,NORMAL,0,3,14.4,,"[[0, 0, 0, 0, 0], [0, 2, 0, 2, 0], [1, 2, 3, 1, 1]]",3.5
2026-04-03T15:32:36.528101+01:00,15:32:36,Afternoon,348,12,4,0,0,0,12,NORMAL,0,0,NORMAL,0,3,14.4,,"[[0, 0, 0, 0, 0], [0, 2, 0, 2, 0], [1, 2, 3, 1, 1]]",3.8
2026-04-03T15:32:37.051905+01:00,15:32:37,Afternoon,350,12,4,0,0,0,12,NORMAL,0,0,NORMAL,0,3,14.4,,"[[0, 0, 0, 0, 0], [0, 2, 0, 2, 0], [1, 2, 3, 1, 1]]",3.8
2026-04-03T15:32:37.587418+01:00,15:32:37,Afternoon,352,12,4,0,0,0,12,NORMAL,0,0,NORMAL,0,3,14.7,,"[[0, 0, 0, 0, 0], [0, 2, 0, 2, 0], [1, 2, 3, 1, 1]]",3.8
2026-04-03T15:32:38.103500+01:00,15:32:38,Afternoon,354,12,4,0,0,0,12,NORMAL,0,0,NORMAL,0,3,14.7,,"[[0, 0, 0, 0, 0], [0, 2, 0, 2, 0], [1, 2, 3, 1, 1]]",3.8
2026-04-03T15:32:38.615180+01:00,15:32:38,Afternoon,356,12,4,0,0,0,12,NORMAL,0,0,NORMAL,0,3,14.4,,"[[0, 0, 0, 0, 0], [0, 2, 0, 2, 0], [1, 2, 3, 1, 1]]",3.8
2026-04-03T15:32:39.157203+01:00,15:32:39,Afternoon,358,12,4,0,0,0,12,NORMAL,0,0,NORMAL,0,3,14.4,,"[[0, 0, 0, 0, 0], [0, 2, 0, 2, 0], [1, 2, 3, 1, 1]]",3.8
2026-04-03T15:32:39.716480+01:00,15:32:39,Afternoon,360,12,4,0,0,0,12,NORMAL,0,0,NORMAL,0,3,14.4,,"[[0, 0, 0, 0, 0], [0, 2, 0, 2, 0], [1, 2, 3, 1, 1]]",3.8
2026-04-03T15:32:40.261458+01:00,15:32:40,Afternoon,362,10,1,0,0,0,10,NORMAL,0,0,NORMAL,0,3,14.4,,"[[0, 0, 0, 0, 0], [0, 2, 0, 2, 0], [1, 2, 3, 1, 1]]",3.8
2026-04-03T15:32:40.777689+01:00,15:32:40,Afternoon,364,11,2,0,0,0,11,NORMAL,0,0,NORMAL,0,3,13.9,,"[[0, 0, 0, 0, 0], [0, 1, 0, 1, 0], [1, 3, 3, 1, 1]]",3.6
2026-04-03T15:32:41.321991+01:00,15:32:41,Afternoon,366,11,2,0,0,0,11,NORMAL,0,0,NORMAL,0,3,13.9,,"[[0, 0, 0, 0, 0], [0, 1, 0, 1, 0], [1, 3, 3, 1, 1]]",3.6
2026-04-03T15:32:41.832241+01:00,15:32:41,Afternoon,368,11,2,0,0,0,11,NORMAL,0,0,NORMAL,0,3,13.3,,"[[0, 0, 0, 0, 0], [0, 1, 0, 1, 0], [1, 3, 3, 1, 1]]",3.8
2026-04-03T15:32:42.313173+01:00,15:32:42,Afternoon,370,11,2,0,0,0,11,NORMAL,0,1,NORMAL,0,3,13.3,,"[[0, 0, 0, 0, 0], [0, 1, 0, 1, 0], [1, 3, 3, 1, 1]]",3.8
2026-04-03T15:32:42.856625+01:00,15:32:42,Afternoon,372,11,2,0,0,0,11,NORMAL,0,1,NORMAL,0,3,12.7,,"[[0, 0, 0, 0, 0], [0, 1, 0, 1, 0], [1, 3, 3, 1, 1]]",5.0
2026-04-03T15:32:43.371245+01:00,15:32:43,Afternoon,374,11,2,0,0,0,11,NORMAL,0,1,NORMAL,0,3,12.7,,"[[0, 0, 0, 0, 0], [0, 1, 0, 1, 0], [1, 3, 3, 1, 1]]",5.0
2026-04-03T15:32:43.851340+01:00,15:32:43,Afternoon,376,11,2,0,0,0,11,NORMAL,0,1,NORMAL,0,3,12.1,,"[[0, 0, 0, 0, 0], [0, 1, 0, 1, 0], [1, 3, 3, 1, 1]]",2.9
2026-04-03T15:32:44.381908+01:00,15:32:44,Afternoon,378,11,2,0,0,0,11,NORMAL,0,1,NORMAL,0,3,12.1,,"[[0, 0, 0, 0, 0], [0, 1, 0, 1, 0], [1, 3, 3, 1, 1]]",2.9
2026-04-03T15:32:44.906301+01:00,15:32:44,Afternoon,380,11,2,0,0,0,11,NORMAL,0,1,NORMAL,0,3,11.5,,"[[0, 0, 0, 0, 0], [0, 1, 0, 1, 0], [1, 3, 3, 1, 1]]",4.0
2026-04-03T15:32:45.422545+01:00,15:32:45,Afternoon,382,11,2,0,0,0,11,NORMAL,0,1,NORMAL,0,3,11.5,,"[[0, 0, 0, 0, 0], [0, 1, 0, 1, 0], [1, 3, 3, 1, 1]]",4.0
2026-04-03T15:32:45.888129+01:00,15:32:45,Afternoon,384,16,7,0,0,0,16,CROWDED,0,1,WARNING,2,4,11.9,CHOKE_POINT;CHOKE_POINT,"[[0, 0, 0, 0, 0], [2, 4, 0, 1, 0], [1, 2, 4, 1, 1]]",3.8
2026-04-03T15:32:46.424802+01:00,15:32:46,Afternoon,386,16,7,0,0,0,16,CROWDED,0,1,WARNING,2,4,11.9,CHOKE_POINT;CHOKE_POINT,"[[0, 0, 0, 0, 0], [2, 4, 0, 1, 0], [1, 2, 4, 1, 1]]",3.8
2026-04-03T15:32:46.842661+01:00,15:32:46,Afternoon,388,16,7,0,0,0,16,CROWDED,0,1,NORMAL,2,4,12.3,,"[[0, 0, 0, 0, 0], [2, 4, 0, 1, 0], [1, 2, 4, 1, 1]]",4.9
2026-04-03T15:32:47.319050+01:00,15:32:47,Afternoon,390,16,7,0,0,0,16,CROWDED,0,1,NORMAL,2,4,12.3,,"[[0, 0, 0, 0, 0], [2, 4, 0, 1, 0], [1, 2, 4, 1, 1]]",4.9
2026-04-03T15:32:47.804648+01:00,15:32:47,Afternoon,392,16,7,0,0,0,16,CROWDED,0,1,NORMAL,2,4,12.7,,"[[0, 0, 0, 0, 0], [2, 4, 0, 1, 0], [1, 2, 4, 1, 1]]",4.9
2026-04-03T15:32:48.322034+01:00,15:32:48,Afternoon,394,16,7,0,0,0,16,CROWDED,0,1,NORMAL,2,4,12.7,,"[[0, 0, 0, 0, 0], [2, 4, 0, 1, 0], [1, 2, 4, 1, 1]]",3.7
2026-04-03T15:32:48.836760+01:00,15:32:48,Afternoon,396,16,7,0,0,0,16,CROWDED,0,1,NORMAL,2,4,13.1,,"[[0, 0, 0, 0, 0], [2, 4, 0, 1, 0], [1, 2, 4, 1, 1]]",3.7
2026-04-03T15:32:49.345408+01:00,15:32:49,Afternoon,398,16,7,0,0,0,16,CROWDED,0,1,NORMAL,2,4,13.1,,"[[0, 0, 0, 0, 0], [2, 4, 0, 1, 0], [1, 2, 4, 1, 1]]",3.9
2026-04-03T15:32:49.876544+01:00,15:32:49,Afternoon,400,16,7,0,0,0,16,CROWDED,0,1,NORMAL,2,4,13.5,,"[[0, 0, 0, 0, 0], [2, 4, 0, 1, 0], [1, 2, 4, 1, 1]]",3.9
2026-04-03T15:32:50.370586+01:00,15:32:50,Afternoon,402,16,7,0,0,0,16,CROWDED,0,1,NORMAL,2,4,13.5,,"[[0, 0, 0, 0, 0], [2, 4, 0, 1, 0], [1, 2, 4, 1, 1]]",3.8
2026-04-03T15:32:50.872573+01:00,15:32:50,Afternoon,404,19,9,0,0,0,19,CROWDED,0,1,WARNING,3,4,14.3,CHOKE_POINT,"[[0, 0, 0, 0, 0], [4, 4, 0, 1, 0], [2, 2, 4, 1, 1]]",3.8
2026-04-03T15:32:51.397126+01:00,15:32:51,Afternoon,406,11,5,0,0,0,11,NORMAL,0,1,WARNING,3,4,14.3,CHOKE_POINT,"[[0, 0, 0, 0, 0], [4, 4, 0, 1, 0], [2, 2, 4, 1, 1]]",4.9
2026-04-03T15:32:51.928728+01:00,15:32:51,Afternoon,408,11,5,0,0,0,11,NORMAL,0,1,NORMAL,0,2,14.3,,"[[0, 0, 0, 0, 0], [2, 1, 1, 1, 0], [0, 2, 2, 2, 0]]",4.9
2026-04-03T15:32:52.448809+01:00,15:32:52,Afternoon,410,11,5,0,0,0,11,NORMAL,0,1,NORMAL,0,2,14.3,,"[[0, 0, 0, 0, 0], [2, 1, 1, 1, 0], [0, 2, 2, 2, 0]]",2.9
2026-04-03T15:32:52.943713+01:00,15:32:52,Afternoon,412,11,5,0,0,0,11,NORMAL,0,1,NORMAL,0,2,14.3,,"[[0, 0, 0, 0, 0], [2, 1, 1, 1, 0], [0, 2, 2, 2, 0]]",2.9
2026-04-03T15:32:53.404145+01:00,15:32:53,Afternoon,414,11,5,0,0,0,11,NORMAL,0,0,NORMAL,0,2,14.3,,"[[0, 0, 0, 0, 0], [2, 1, 1, 1, 0], [0, 2, 2, 2, 0]]",3.9
2026-04-03T15:32:53.922824+01:00,15:32:53,Afternoon,416,11,5,0,0,0,11,NORMAL,0,0,NORMAL,0,2,14.3,,"[[0, 0, 0, 0, 0], [2, 1, 1, 1, 0], [0, 2, 2, 2, 0]]",3.9
2026-04-03T15:32:54.410013+01:00,15:32:54,Afternoon,418,11,5,0,0,0,11,NORMAL,0,0,NORMAL,0,2,14.3,,"[[0, 0, 0, 0, 0], [2, 1, 1, 1, 0], [0, 2, 2, 2, 0]]",3.9
2026-04-03T15:32:54.836567+01:00,15:32:54,Afternoon,420,11,5,0,0,0,11,NORMAL,0,0,NORMAL,0,2,14.0,,"[[0, 0, 0, 0, 0], [2, 1, 1, 1, 0], [0, 2, 2, 2, 0]]",4.1
2026-04-03T15:32:55.353389+01:00,15:32:55,Afternoon,422,11,5,0,0,0,11,NORMAL,0,0,NORMAL,0,2,14.0,,"[[0, 0, 0, 0, 0], [2, 1, 1, 1, 0], [0, 2, 2, 2, 0]]",4.1
2026-04-03T15:32:55.899546+01:00,15:32:55,Afternoon,424,11,5,0,0,0,11,NORMAL,0,0,NORMAL,0,2,13.8,,"[[0, 0, 0, 0, 0], [2, 1, 1, 1, 0], [0, 2, 2, 2, 0]]",4.1
2026-04-03T15:32:56.424826+01:00,15:32:56,Afternoon,426,12,8,0,0,0,12,NORMAL,0,0,NORMAL,0,2,13.8,,"[[0, 0, 0, 0, 0], [2, 1, 1, 1, 0], [0, 2, 2, 2, 0]]",4.0
2026-04-03T15:32:56.940812+01:00,15:32:56,Afternoon,428,12,8,0,0,0,12,NORMAL,0,0,WARNING,1,4,13.4,CHOKE_POINT,"[[0, 0, 0, 0, 0], [4, 2, 1, 1, 0], [0, 1, 0, 3, 0]]",4.0
2026-04-03T15:32:57.446385+01:00,15:32:57,Afternoon,430,12,8,0,0,0,12,NORMAL,0,0,WARNING,1,4,13.4,CHOKE_POINT,"[[0, 0, 0, 0, 0], [4, 2, 1, 1, 0], [0, 1, 0, 3, 0]]",3.8
2026-04-03T15:32:57.962035+01:00,15:32:57,Afternoon,432,12,8,0,0,0,12,NORMAL,0,0,NORMAL,1,4,13.0,,"[[0, 0, 0, 0, 0], [4, 2, 1, 1, 0], [0, 1, 0, 3, 0]]",3.8
2026-04-03T15:32:58.467770+01:00,15:32:58,Afternoon,434,12,8,0,0,0,12,NORMAL,0,0,NORMAL,1,4,13.0,,"[[0, 0, 0, 0, 0], [4, 2, 1, 1, 0], [0, 1, 0, 3, 0]]",3.9
2026-04-03T15:32:59.009290+01:00,15:32:59,Afternoon,436,12,8,0,0,0,12,NORMAL,0,0,NORMAL,1,4,12.6,,"[[0, 0, 0, 0, 0], [4, 2, 1, 1, 0], [0, 1, 0, 3, 0]]",3.9
2026-04-03T15:32:59.517378+01:00,15:32:59,Afternoon,438,12,8,0,0,0,12,NORMAL,0,0,NORMAL,1,4,12.6,,"[[0, 0, 0, 0, 0], [4, 2, 1, 1, 0], [0, 1, 0, 3, 0]]",3.8
2026-04-03T15:33:00.042592+01:00,15:33:00,Afternoon,440,12,8,0,0,0,12,NORMAL,0,0,NORMAL,1,4,12.2,,"[[0, 0, 0, 0, 0], [4, 2, 1, 1, 0], [0, 1, 0, 3, 0]]",3.8
2026-04-03T15:33:00.543177+01:00,15:33:00,Afternoon,442,12,8,0,0,0,12,NORMAL,0,0,NORMAL,1,4,12.2,,"[[0, 0, 0, 0, 0], [4, 2, 1, 1, 0], [0, 1, 0, 3, 0]]",3.8
2026-04-03T15:33:01.053867+01:00,15:33:01,Afternoon,444,12,8,0,0,0,12,NORMAL,0,0,NORMAL,1,4,11.5,,"[[0, 0, 0, 0, 0], [4, 2, 1, 1, 0], [0, 1, 0, 3, 0]]",3.8
2026-04-03T15:33:01.599002+01:00,15:33:01,Afternoon,446,10,8,0,0,0,10,NORMAL,0,0,NORMAL,1,4,11.5,,"[[0, 0, 0, 0, 0], [4, 2, 1, 1, 0], [0, 1, 0, 3, 0]]",4.0
2026-04-03T15:33:02.141054+01:00,15:33:02,Afternoon,448,22,11,0,0,0,22,CROWDED,0,0,WARNING,3,6,12.6,CHOKE_POINT;CHOKE_POINT,"[[0, 0, 0, 0, 0], [4, 5, 1, 1, 0], [0, 3, 2, 6, 0]]",4.0
2026-04-03T15:33:02.674843+01:00,15:33:02,Afternoon,450,22,11,0,0,0,22,CROWDED,0,0,WARNING,3,6,12.6,CHOKE_POINT;CHOKE_POINT,"[[0, 0, 0, 0, 0], [4, 5, 1, 1, 0], [0, 3, 2, 6, 0]]",3.7
2026-04-03T15:33:03.219476+01:00,15:33:03,Afternoon,452,22,11,0,0,0,22,CROWDED,0,0,NORMAL,3,6,13.7,,"[[0, 0, 0, 0, 0], [4, 5, 1, 1, 0], [0, 3, 2, 6, 0]]",3.7
2026-04-03T15:33:03.745196+01:00,15:33:03,Afternoon,454,22,11,0,0,0,22,CROWDED,0,0,NORMAL,3,6,13.7,,"[[0, 0, 0, 0, 0], [4, 5, 1, 1, 0], [0, 3, 2, 6, 0]]",3.7
2026-04-03T15:33:04.306487+01:00,15:33:04,Afternoon,456,22,11,0,0,0,22,CROWDED,0,0,CRITICAL,3,6,14.8,GATHERING,"[[0, 0, 0, 0, 0], [4, 5, 1, 1, 0], [0, 3, 2, 6, 0]]",3.7
2026-04-03T15:33:04.838984+01:00,15:33:04,Afternoon,458,22,11,0,0,0,22,CROWDED,0,0,CRITICAL,3,6,14.8,GATHERING,"[[0, 0, 0, 0, 0], [4, 5, 1, 1, 0], [0, 3, 2, 6, 0]]",3.7
2026-04-03T15:33:05.360531+01:00,15:33:05,Afternoon,460,22,11,0,0,0,22,CROWDED,0,0,CRITICAL,3,6,15.9,GATHERING,"[[0, 0, 0, 0, 0], [4, 5, 1, 1, 0], [0, 3, 2, 6, 0]]",3.7
2026-04-03T15:33:05.875704+01:00,15:33:05,Afternoon,462,22,11,0,0,0,22,CROWDED,0,0,CRITICAL,3,6,15.9,GATHERING,"[[0, 0, 0, 0, 0], [4, 5, 1, 1, 0], [0, 3, 2, 6, 0]]",3.8
2026-04-03T15:33:06.415050+01:00,15:33:06,Afternoon,464,22,11,0,0,0,22,CROWDED,0,0,CRITICAL,3,6,17.0,GATHERING,"[[0, 0, 0, 0, 0], [4, 5, 1, 1, 0], [0, 3, 2, 6, 0]]",3.8
2026-04-03T15:33:06.939218+01:00,15:33:06,Afternoon,466,22,11,1,0,0,23,CROWDED,0,0,CRITICAL,3,6,17.0,GATHERING,"[[0, 0, 0, 0, 0], [4, 5, 1, 1, 0], [0, 3, 2, 6, 0]]",3.8
2026-04-03T15:33:07.457174+01:00,15:33:07,Afternoon,468,20,9,0,0,0,20,CROWDED,0,0,WARNING,2,4,17.8,CHOKE_POINT,"[[0, 0, 0, 0, 0], [2, 4, 1, 2, 0], [1, 4, 3, 1, 2]]",3.8
2026-04-03T15:33:07.987180+01:00,15:33:07,Afternoon,470,20,9,0,0,0,20,CROWDED,0,0,WARNING,2,4,17.8,CHOKE_POINT,"[[0, 0, 0, 0, 0], [2, 4, 1, 2, 0], [1, 4, 3, 1, 2]]",3.8
2026-04-03T15:33:08.511500+01:00,15:33:08,Afternoon,472,20,9,0,0,0,20,CROWDED,0,0,NORMAL,2,4,18.6,,"[[0, 0, 0, 0, 0], [2, 4, 1, 2, 0], [1, 4, 3, 1, 2]]",3.8
2026-04-03T15:33:09.053467+01:00,15:33:09,Afternoon,474,20,9,0,0,0,20,CROWDED,0,0,NORMAL,2,4,18.6,,"[[0, 0, 0, 0, 0], [2, 4, 1, 2, 0], [1, 4, 3, 1, 2]]",3.8
2026-04-03T15:33:09.625023+01:00,15:33:09,Afternoon,476,20,9,0,0,0,20,CROWDED,0,0,CRITICAL,2,4,19.4,GATHERING,"[[0, 0, 0, 0, 0], [2, 4, 1, 2, 0], [1, 4, 3, 1, 2]]",3.8
2026-04-03T15:33:10.157542+01:00,15:33:10,Afternoon,478,20,9,0,0,0,20,CROWDED,0,0,CRITICAL,2,4,19.4,GATHERING,"[[0, 0, 0, 0, 0], [2, 4, 1, 2, 0], [1, 4, 3, 1, 2]]",3.6
2026-04-03T15:33:10.693393+01:00,15:33:10,Afternoon,480,20,9,0,0,0,20,CROWDED,0,0,CRITICAL,2,4,20.2,GATHERING,"[[0, 0, 0, 0, 0], [2, 4, 1, 2, 0], [1, 4, 3, 1, 2]]",3.6
2026-04-03T15:33:11.208899+01:00,15:33:11,Afternoon,482,20,9,0,0,0,20,CROWDED,0,0,CRITICAL,2,4,20.2,GATHERING,"[[0, 0, 0, 0, 0], [2, 4, 1, 2, 0], [1, 4, 3, 1, 2]]",3.7
2026-04-03T15:33:11.776634+01:00,15:33:11,Afternoon,484,20,9,0,0,0,20,CROWDED,0,0,CRITICAL,2,4,21.0,GATHERING,"[[0, 0, 0, 0, 0], [2, 4, 1, 2, 0], [1, 4, 3, 1, 2]]",3.7
2026-04-03T15:33:12.315460+01:00,15:33:12,Afternoon,486,12,5,0,0,0,12,NORMAL,0,0,CRITICAL,2,4,21.0,GATHERING,"[[0, 0, 0, 0, 0], [2, 4, 1, 2, 0], [1, 4, 3, 1, 2]]",3.7
2026-04-03T15:33:12.854956+01:00,15:33:12,Afternoon,488,12,5,0,0,0,12,NORMAL,0,0,NORMAL,0,3,20.0,,"[[0, 0, 0, 0, 0], [1, 1, 1, 2, 0], [1, 2, 3, 1, 0]]",3.7
2026-04-03T15:33:13.352457+01:00,15:33:13,Afternoon,490,12,5,0,0,0,12,NORMAL,0,0,NORMAL,0,3,20.0,,"[[0, 0, 0, 0, 0], [1, 1, 1, 2, 0], [1, 2, 3, 1, 0]]",3.7
2026-04-03T15:33:13.861602+01:00,15:33:13,Afternoon,492,12,5,0,0,0,12,NORMAL,0,0,NORMAL,0,3,19.0,,"[[0, 0, 0, 0, 0], [1, 1, 1, 2, 0], [1, 2, 3, 1, 0]]",3.7
2026-04-03T15:33:14.294721+01:00,15:33:14,Afternoon,494,12,5,0,0,0,12,NORMAL,0,0,NORMAL,0,3,19.0,,"[[0, 0, 0, 0, 0], [1, 1, 1, 2, 0], [1, 2, 3, 1, 0]]",4.0
2026-04-03T15:33:14.701522+01:00,15:33:14,Afternoon,496,12,5,0,0,0,12,NORMAL,0,0,NORMAL,0,3,18.0,,"[[0, 0, 0, 0, 0], [1, 1, 1, 2, 0], [1, 2, 3, 1, 0]]",4.0
2026-04-03T15:33:15.086409+01:00,15:33:15,Afternoon,498,12,5,0,0,0,12,NORMAL,0,0,NORMAL,0,3,18.0,,"[[0, 0, 0, 0, 0], [1, 1, 1, 2, 0], [1, 2, 3, 1, 0]]",4.0
2026-04-03T15:33:15.506522+01:00,15:33:15,Afternoon,500,12,5,0,0,0,12,NORMAL,0,0,NORMAL,0,3,17.0,,"[[0, 0, 0, 0, 0], [1, 1, 1, 2, 0], [1, 2, 3, 1, 0]]",4.9
2026-04-03T15:33:15.910200+01:00,15:33:15,Afternoon,502,12,5,0,0,0,12,NORMAL,0,0,NORMAL,0,3,17.0,,"[[0, 0, 0, 0, 0], [1, 1, 1, 2, 0], [1, 2, 3, 1, 0]]",4.9
2026-04-03T15:33:16.298381+01:00,15:33:16,Afternoon,504,12,5,0,0,0,12,NORMAL,0,0,NORMAL,0,3,16.5,,"[[0, 0, 0, 0, 0], [1, 1, 1, 2, 0], [1, 2, 3, 1, 0]]",4.9
2026-04-03T15:33:16.688021+01:00,15:33:16,Afternoon,506,12,5,0,0,0,12,NORMAL,0,0,NORMAL,0,3,16.5,,"[[0, 0, 0, 0, 0], [1, 1, 1, 2, 0], [1, 2, 3, 1, 0]]",5.0
2026-04-03T15:33:17.078786+01:00,15:33:17,Afternoon,508,12,5,0,0,0,12,NORMAL,0,0,NORMAL,0,3,15.6,,"[[0, 0, 0, 0, 0], [1, 1, 1, 2, 0], [1, 2, 3, 1, 0]]",5.0
2026-04-03T15:33:17.480741+01:00,15:33:17,Afternoon,510,12,5,0,0,0,12,NORMAL,0,0,NORMAL,0,3,15.6,,"[[0, 0, 0, 0, 0], [1, 1, 1, 2, 0], [1, 2, 3, 1, 0]]",5.0
2026-04-03T15:33:17.933927+01:00,15:33:17,Afternoon,512,12,5,0,0,0,12,NORMAL,0,0,NORMAL,0,3,14.9,,"[[0, 0, 0, 0, 0], [1, 1, 1, 2, 0], [1, 2, 3, 1, 0]]",5.0
2026-04-03T15:33:18.351308+01:00,15:33:18,Afternoon,514,8,3,0,0,1,9,NORMAL,0,0,NORMAL,0,3,14.9,,"[[0, 0, 0, 0, 0], [1, 1, 1, 2, 0], [1, 2, 3, 1, 0]]",5.0
2026-04-03T15:33:18.765434+01:00,15:33:18,Afternoon,516,8,3,0,0,1,9,NORMAL,0,0,WARNING,1,4,13.8,CHOKE_POINT,"[[0, 0, 0, 0, 0], [2, 1, 0, 0, 0], [0, 0, 4, 0, 1]]",5.0
2026-04-03T15:33:19.162143+01:00,15:33:19,Afternoon,518,8,3,0,0,1,9,NORMAL,0,0,WARNING,1,4,13.8,CHOKE_POINT,"[[0, 0, 0, 0, 0], [2, 1, 0, 0, 0], [0, 0, 4, 0, 1]]",4.7
2026-04-03T15:33:19.557281+01:00,15:33:19,Afternoon,520,8,3,0,0,1,9,NORMAL,0,0,NORMAL,1,4,13.3,,"[[0, 0, 0, 0, 0], [2, 1, 0, 0, 0], [0, 0, 4, 0, 1]]",4.7
2026-04-03T15:33:19.942795+01:00,15:33:19,Afternoon,522,8,3,0,0,1,9,NORMAL,0,0,NORMAL,1,4,13.3,,"[[0, 0, 0, 0, 0], [2, 1, 0, 0, 0], [0, 0, 4, 0, 1]]",4.7
2026-04-03T15:33:20.336643+01:00,15:33:20,Afternoon,524,8,3,0,0,1,9,NORMAL,0,0,NORMAL,1,4,12.3,,"[[0, 0, 0, 0, 0], [2, 1, 0, 0, 0], [0, 0, 4, 0, 1]]",5.1
2026-04-03T15:33:20.732874+01:00,15:33:20,Afternoon,526,8,3,0,0,1,9,NORMAL,0,0,NORMAL,1,4,12.3,,"[[0, 0, 0, 0, 0], [2, 1, 0, 0, 0], [0, 0, 4, 0, 1]]",5.1
2026-04-03T15:33:21.161051+01:00,15:33:21,Afternoon,528,8,3,0,0,1,9,NORMAL,0,0,NORMAL,1,4,11.3,,"[[0, 0, 0, 0, 0], [2, 1, 0, 0, 0], [0, 0, 4, 0, 1]]",5.1
2026-04-03T15:33:21.589580+01:00,15:33:21,Afternoon,530,8,3,0,0,1,9,NORMAL,0,0,NORMAL,1,4,11.3,,"[[0, 0, 0, 0, 0], [2, 1, 0, 0, 0], [0, 0, 4, 0, 1]]",4.9
2026-04-03T15:33:22.028845+01:00,15:33:22,Afternoon,532,8,3,0,0,1,9,NORMAL,0,0,NORMAL,1,4,10.3,,"[[0, 0, 0, 0, 0], [2, 1, 0, 0, 0], [0, 0, 4, 0, 1]]",4.9
2026-04-03T15:33:22.487169+01:00,15:33:22,Afternoon,534,8,3,0,0,1,9,NORMAL,0,0,NORMAL,1,4,10.3,,"[[0, 0, 0, 0, 0], [2, 1, 0, 0, 0], [0, 0, 4, 0, 1]]",4.9
2026-04-03T15:33:22.902385+01:00,15:33:22,Afternoon,536,12,7,0,0,0,12,NORMAL,0,0,NORMAL,0,3,10.3,,"[[0, 0, 0, 0, 0], [3, 2, 2, 0, 0], [0, 1, 2, 2, 0]]",4.5
2026-04-03T15:33:23.325649+01:00,15:33:23,Afternoon,538,12,7,0,0,0,12,NORMAL,0,0,NORMAL,0,3,10.3,,"[[0, 0, 0, 0, 0], [3, 2, 2, 0, 0], [0, 1, 2, 2, 0]]",4.5
2026-04-03T15:33:23.757926+01:00,15:33:23,Afternoon,540,12,7,0,0,0,12,NORMAL,0,0,NORMAL,0,3,10.5,,"[[0, 0, 0, 0, 0], [3, 2, 2, 0, 0], [0, 1, 2, 2, 0]]",4.5
2026-04-03T15:33:24.180207+01:00,15:33:24,Afternoon,542,12,7,0,0,0,12,NORMAL,0,0,NORMAL,0,3,10.5,,"[[0, 0, 0, 0, 0], [3, 2, 2, 0, 0], [0, 1, 2, 2, 0]]",4.7
2026-04-03T15:33:24.619495+01:00,15:33:24,Afternoon,544,12,7,0,0,0,12,NORMAL,0,0,NORMAL,0,3,10.5,,"[[0, 0, 0, 0, 0], [3, 2, 2, 0, 0], [0, 1, 2, 2, 0]]",4.7
2026-04-03T15:33:25.216753+01:00,15:33:25,Afternoon,546,12,7,0,0,0,12,NORMAL,0,0,NORMAL,0,3,10.5,,"[[0, 0, 0, 0, 0], [3, 2, 2, 0, 0], [0, 1, 2, 2, 0]]",4.7
2026-04-03T15:33:25.884209+01:00,15:33:25,Afternoon,548,12,7,0,0,0,12,NORMAL,0,0,NORMAL,0,3,10.3,,"[[0, 0, 0, 0, 0], [3, 2, 2, 0, 0], [0, 1, 2, 2, 0]]",4.1
2026-04-03T15:33:26.444576+01:00,15:33:26,Afternoon,550,12,7,0,0,0,12,NORMAL,0,0,NORMAL,0,3,10.3,,"[[0, 0, 0, 0, 0], [3, 2, 2, 0, 0], [0, 1, 2, 2, 0]]",4.1
2026-04-03T15:33:26.980903+01:00,15:33:26,Afternoon,552,12,7,0,0,0,12,NORMAL,0,0,NORMAL,0,3,10.3,,"[[0, 0, 0, 0, 0], [3, 2, 2, 0, 0], [0, 1, 2, 2, 0]]",3.3
2026-04-03T15:33:27.522158+01:00,15:33:27,Afternoon,554,12,7,0,0,0,12,NORMAL,0,0,NORMAL,0,3,10.3,,"[[0, 0, 0, 0, 0], [3, 2, 2, 0, 0], [0, 1, 2, 2, 0]]",3.3
2026-04-03T15:33:28.144780+01:00,15:33:28,Afternoon,556,12,7,0,0,0,12,NORMAL,0,0,NORMAL,0,3,10.2,,"[[0, 0, 0, 0, 0], [3, 2, 2, 0, 0], [0, 1, 2, 2, 0]]",3.7
2026-04-03T15:33:28.731128+01:00,15:33:28,Afternoon,558,13,5,0,0,0,13,NORMAL,0,0,NORMAL,0,3,10.2,,"[[0, 0, 0, 0, 0], [3, 2, 2, 0, 0], [0, 1, 2, 2, 0]]",3.7
2026-04-03T15:33:29.300852+01:00,15:33:29,Afternoon,560,13,5,0,0,0,13,NORMAL,0,0,WARNING,1,4,10.6,CHOKE_POINT,"[[0, 0, 0, 0, 0], [0, 3, 2, 0, 0], [0, 3, 4, 1, 0]]",3.3
2026-04-03T15:33:29.837456+01:00,15:33:29,Afternoon,562,13,5,0,0,0,13,NORMAL,0,0,WARNING,1,4,10.6,CHOKE_POINT,"[[0, 0, 0, 0, 0], [0, 3, 2, 0, 0], [0, 3, 4, 1, 0]]",3.3
2026-04-03T15:33:30.484067+01:00,15:33:30,Afternoon,564,13,5,0,0,0,13,NORMAL,0,0,NORMAL,1,4,11.4,,"[[0, 0, 0, 0, 0], [0, 3, 2, 0, 0], [0, 3, 4, 1, 0]]",3.6
2026-04-03T15:33:31.050698+01:00,15:33:31,Afternoon,566,13,5,0,0,0,13,NORMAL,0,0,NORMAL,1,4,11.4,,"[[0, 0, 0, 0, 0], [0, 3, 2, 0, 0], [0, 3, 4, 1, 0]]",3.6
2026-04-03T15:33:31.619110+01:00,15:33:31,Afternoon,568,13,5,0,0,0,13,NORMAL,0,0,NORMAL,1,4,11.9,,"[[0, 0, 0, 0, 0], [0, 3, 2, 0, 0], [0, 3, 4, 1, 0]]",3.3
2026-04-03T15:33:32.175148+01:00,15:33:32,Afternoon,570,13,5,0,0,0,13,NORMAL,0,0,NORMAL,1,4,11.9,,"[[0, 0, 0, 0, 0], [0, 3, 2, 0, 0], [0, 3, 4, 1, 0]]",3.3
2026-04-03T15:33:32.802958+01:00,15:33:32,Afternoon,572,13,5,0,0,0,13,NORMAL,0,0,NORMAL,1,4,12.4,,"[[0, 0, 0, 0, 0], [0, 3, 2, 0, 0], [0, 3, 4, 1, 0]]",3.6
2026-04-03T15:33:33.378467+01:00,15:33:33,Afternoon,574,16,4,0,0,0,16,CROWDED,0,0,NORMAL,1,4,12.4,,"[[0, 0, 0, 0, 0], [0, 3, 2, 0, 0], [0, 3, 4, 1, 0]]",3.6
2026-04-03T15:33:34.168267+01:00,15:33:34,Afternoon,576,18,10,0,0,0,18,CROWDED,0,0,WARNING,1,5,13.1,CHOKE_POINT,"[[0, 0, 0, 0, 0], [3, 5, 1, 1, 0], [0, 2, 3, 2, 1]]",3.3
2026-04-03T15:33:35.171694+01:00,15:33:35,Afternoon,578,18,10,0,0,0,18,CROWDED,0,0,WARNING,1,5,13.1,CHOKE_POINT,"[[0, 0, 0, 0, 0], [3, 5, 1, 1, 0], [0, 2, 3, 2, 1]]",3.3
2026-04-03T15:33:36.269933+01:00,15:33:36,Afternoon,580,18,10,0,0,0,18,CROWDED,0,0,NORMAL,1,5,14.0,,"[[0, 0, 0, 0, 0], [3, 5, 1, 1, 0], [0, 2, 3, 2, 1]]",2.2
2026-04-03T15:33:37.381030+01:00,15:33:37,Afternoon,582,18,10,0,0,0,18,CROWDED,0,0,NORMAL,1,5,14.0,,"[[0, 0, 0, 0, 0], [3, 5, 1, 1, 0], [0, 2, 3, 2, 1]]",1.8
2026-04-03T15:33:38.633066+01:00,15:33:38,Afternoon,584,18,10,0,0,0,18,CROWDED,0,0,NORMAL,1,5,15.1,,"[[0, 0, 0, 0, 0], [3, 5, 1, 1, 0], [0, 2, 3, 2, 1]]",1.8
2026-04-03T15:33:39.832839+01:00,15:33:39,Afternoon,586,13,9,0,0,0,14,NORMAL,0,0,NORMAL,1,5,15.1,,"[[0, 0, 0, 0, 0], [3, 5, 1, 1, 0], [0, 2, 3, 2, 1]]",1.6
2026-04-03T15:33:41.053971+01:00,15:33:41,Afternoon,588,15,10,0,0,0,16,CROWDED,0,0,NORMAL,1,5,15.8,,"[[0, 0, 0, 0, 0], [3, 5, 2, 0, 0], [0, 2, 1, 1, 1]]",1.7
2026-04-03T15:33:42.250290+01:00,15:33:42,Afternoon,590,15,10,0,0,0,16,CROWDED,0,0,NORMAL,1,5,15.8,,"[[0, 0, 0, 0, 0], [3, 5, 2, 0, 0], [0, 2, 1, 1, 1]]",1.6
2026-04-03T15:33:43.399159+01:00,15:33:43,Afternoon,592,15,10,0,0,0,16,CROWDED,0,0,NORMAL,1,5,16.8,,"[[0, 0, 0, 0, 0], [3, 5, 2, 0, 0], [0, 2, 1, 1, 1]]",1.7
2026-04-03T15:33:44.315206+01:00,15:33:44,Afternoon,594,12,3,0,0,0,13,NORMAL,0,0,NORMAL,1,5,16.8,,"[[0, 0, 0, 0, 0], [3, 5, 2, 0, 0], [0, 2, 1, 1, 1]]",1.7
2026-04-03T15:33:44.887432+01:00,15:33:44,Afternoon,596,24,11,0,0,0,25,CROWDED,0,0,WARNING,3,6,18.0,CHOKE_POINT;CHOKE_POINT,"[[0, 0, 0, 0, 0], [3, 6, 2, 1, 0], [0, 5, 4, 2, 1]]",1.7
2026-04-03T15:33:45.345221+01:00,15:33:45,Afternoon,598,24,11,0,0,0,25,CROWDED,0,0,WARNING,3,6,18.0,CHOKE_POINT;CHOKE_POINT,"[[0, 0, 0, 0, 0], [3, 6, 2, 1, 0], [0, 5, 4, 2, 1]]",2.7
2026-04-03T15:33:45.765339+01:00,15:33:45,Afternoon,600,24,11,0,0,0,25,CROWDED,0,0,NORMAL,3,6,19.0,,"[[0, 0, 0, 0, 0], [3, 6, 2, 1, 0], [0, 5, 4, 2, 1]]",2.7
2026-04-03T15:33:46.224351+01:00,15:33:46,Afternoon,602,24,11,0,0,0,25,CROWDED,0,0,NORMAL,3,6,19.0,,"[[0, 0, 0, 0, 0], [3, 6, 2, 1, 0], [0, 5, 4, 2, 1]]",2.7
2026-04-03T15:33:46.633454+01:00,15:33:46,Afternoon,604,24,11,0,0,0,25,CROWDED,0,0,CRITICAL,3,6,20.0,GATHERING,"[[0, 0, 0, 0, 0], [3, 6, 2, 1, 0], [0, 5, 4, 2, 1]]",4.5
2026-04-03T15:33:47.294930+01:00,15:33:47,Afternoon,606,24,11,0,0,0,25,CROWDED,0,0,CRITICAL,3,6,20.0,GATHERING,"[[0, 0, 0, 0, 0], [3, 6, 2, 1, 0], [0, 5, 4, 2, 1]]",4.5
2026-04-03T15:33:47.697881+01:00,15:33:47,Afternoon,608,24,11,0,0,0,25,CROWDED,0,0,CRITICAL,3,6,20.6,GATHERING,"[[0, 0, 0, 0, 0], [3, 6, 2, 1, 0], [0, 5, 4, 2, 1]]",3.7
2026-04-03T15:33:48.085064+01:00,15:33:48,Afternoon,610,24,11,0,0,0,25,CROWDED,0,0,CRITICAL,3,6,20.6,GATHERING,"[[0, 0, 0, 0, 0], [3, 6, 2, 1, 0], [0, 5, 4, 2, 1]]",3.7
2026-04-03T15:33:48.504138+01:00,15:33:48,Afternoon,612,24,11,0,0,0,25,CROWDED,0,0,CRITICAL,3,6,21.0,GATHERING,"[[0, 0, 0, 0, 0], [3, 6, 2, 1, 0], [0, 5, 4, 2, 1]]",3.7
2026-04-03T15:33:48.985234+01:00,15:33:48,Afternoon,614,24,11,0,0,0,25,CROWDED,0,0,CRITICAL,3,6,21.0,GATHERING,"[[0, 0, 0, 0, 0], [3, 6, 2, 1, 0], [0, 5, 4, 2, 1]]",4.9
2026-04-03T15:33:49.396148+01:00,15:33:49,Afternoon,616,15,5,0,0,0,15,CROWDED,0,0,NORMAL,0,3,20.6,,"[[0, 0, 0, 0, 0], [2, 1, 1, 1, 0], [1, 3, 3, 2, 1]]",4.9
2026-04-03T15:33:49.933823+01:00,15:33:49,Afternoon,618,15,5,0,0,0,15,CROWDED,0,0,NORMAL,0,3,20.6,,"[[0, 0, 0, 0, 0], [2, 1, 1, 1, 0], [1, 3, 3, 2, 1]]",4.9
2026-04-03T15:33:50.371128+01:00,15:33:50,Afternoon,620,15,5,0,0,0,15,CROWDED,0,0,NORMAL,0,3,20.0,,"[[0, 0, 0, 0, 0], [2, 1, 1, 1, 0], [1, 3, 3, 2, 1]]",4.2
2026-04-03T15:33:50.835937+01:00,15:33:50,Afternoon,622,15,5,0,0,0,15,CROWDED,0,0,NORMAL,0,3,20.0,,"[[0, 0, 0, 0, 0], [2, 1, 1, 1, 0], [1, 3, 3, 2, 1]]",4.2
2026-04-03T15:33:51.328303+01:00,15:33:51,Afternoon,624,15,5,0,0,0,15,CROWDED,0,0,NORMAL,0,3,20.0,,"[[0, 0, 0, 0, 0], [2, 1, 1, 1, 0], [1, 3, 3, 2, 1]]",4.2
2026-04-03T15:33:51.830804+01:00,15:33:51,Afternoon,626,15,5,0,0,0,15,CROWDED,0,1,NORMAL,0,3,20.0,,"[[0, 0, 0, 0, 0], [2, 1, 1, 1, 0], [1, 3, 3, 2, 1]]",4.3
2026-04-03T15:33:52.329494+01:00,15:33:52,Afternoon,628,15,5,0,0,0,15,CROWDED,0,1,NORMAL,0,3,19.5,,"[[0, 0, 0, 0, 0], [2, 1, 1, 1, 0], [1, 3, 3, 2, 1]]",4.3
2026-04-03T15:33:52.834169+01:00,15:33:52,Afternoon,630,15,5,0,0,0,15,CROWDED,0,1,NORMAL,0,3,19.5,,"[[0, 0, 0, 0, 0], [2, 1, 1, 1, 0], [1, 3, 3, 2, 1]]",4.0
2026-04-03T15:33:53.305867+01:00,15:33:53,Afternoon,632,15,5,0,0,0,15,CROWDED,0,1,NORMAL,0,3,19.1,,"[[0, 0, 0, 0, 0], [2, 1, 1, 1, 0], [1, 3, 3, 2, 1]]",4.0
2026-04-03T15:33:53.755688+01:00,15:33:53,Afternoon,634,15,5,0,0,0,15,CROWDED,0,1,NORMAL,0,3,19.1,,"[[0, 0, 0, 0, 0], [2, 1, 1, 1, 0], [1, 3, 3, 2, 1]]",4.0
2026-04-03T15:33:54.424490+01:00,15:33:54,Afternoon,636,15,5,0,0,0,15,CROWDED,0,1,NORMAL,0,3,19.1,,"[[0, 0, 0, 0, 0], [2, 1, 1, 1, 0], [1, 3, 3, 2, 1]]",4.2
2026-04-03T15:33:55.101519+01:00,15:33:55,Afternoon,638,13,8,0,0,0,13,NORMAL,0,1,NORMAL,0,3,19.1,,"[[0, 0, 0, 0, 0], [2, 1, 1, 1, 0], [1, 3, 3, 2, 1]]",4.2
2026-04-03T15:33:55.623205+01:00,15:33:55,Afternoon,640,13,8,0,0,0,13,NORMAL,0,1,NORMAL,0,3,18.1,,"[[0, 0, 0, 0, 0], [3, 3, 2, 0, 0], [0, 0, 2, 3, 0]]",3.0
2026-04-03T15:33:56.151961+01:00,15:33:56,Afternoon,642,13,8,0,0,0,13,NORMAL,0,1,NORMAL,0,3,18.1,,"[[0, 0, 0, 0, 0], [3, 3, 2, 0, 0], [0, 0, 2, 3, 0]]",3.0
2026-04-03T15:33:56.667259+01:00,15:33:56,Afternoon,644,13,8,0,0,0,13,NORMAL,0,0,NORMAL,0,3,16.4,,"[[0, 0, 0, 0, 0], [3, 3, 2, 0, 0], [0, 0, 2, 3, 0]]",3.8
2026-04-03T15:33:57.170574+01:00,15:33:57,Afternoon,646,13,8,0,0,0,13,NORMAL,0,0,NORMAL,0,3,16.4,,"[[0, 0, 0, 0, 0], [3, 3, 2, 0, 0], [0, 0, 2, 3, 0]]",3.8
2026-04-03T15:33:57.703623+01:00,15:33:57,Afternoon,648,13,8,0,0,0,13,NORMAL,0,0,NORMAL,0,3,15.3,,"[[0, 0, 0, 0, 0], [3, 3, 2, 0, 0], [0, 0, 2, 3, 0]]",4.0
2026-04-03T15:33:58.190419+01:00,15:33:58,Afternoon,650,13,8,0,0,0,13,NORMAL,0,0,NORMAL,0,3,15.3,,"[[0, 0, 0, 0, 0], [3, 3, 2, 0, 0], [0, 0, 2, 3, 0]]",4.0
2026-04-03T15:33:58.719347+01:00,15:33:58,Afternoon,652,13,8,0,0,0,13,NORMAL,0,0,NORMAL,0,3,14.2,,"[[0, 0, 0, 0, 0], [3, 3, 2, 0, 0], [0, 0, 2, 3, 0]]",3.9
2026-04-03T15:33:59.272163+01:00,15:33:59,Afternoon,654,13,8,0,0,0,13,NORMAL,0,0,NORMAL,0,3,14.2,,"[[0, 0, 0, 0, 0], [3, 3, 2, 0, 0], [0, 0, 2, 3, 0]]",3.9
2026-04-03T15:33:59.785696+01:00,15:33:59,Afternoon,656,12,9,0,0,0,12,NORMAL,0,0,WARNING,1,4,13.9,CHOKE_POINT,"[[0, 0, 0, 0, 0], [4, 3, 2, 0, 0], [0, 1, 1, 1, 0]]",3.7
2026-04-03T15:34:00.278150+01:00,15:34:00,Afternoon,658,16,11,0,0,0,17,CROWDED,0,0,WARNING,1,4,13.9,CHOKE_POINT,"[[0, 0, 0, 0, 0], [4, 3, 2, 0, 0], [0, 1, 1, 1, 0]]",3.7
2026-04-03T15:34:00.741307+01:00,15:34:00,Afternoon,660,16,11,0,0,0,17,CROWDED,0,0,WARNING,1,5,14.0,CHOKE_POINT,"[[0, 0, 0, 0, 0], [3, 5, 2, 1, 0], [0, 1, 3, 0, 1]]",3.9
2026-04-03T15:34:01.179837+01:00,15:34:01,Afternoon,662,16,11,0,0,0,17,CROWDED,0,0,WARNING,1,5,14.0,CHOKE_POINT,"[[0, 0, 0, 0, 0], [3, 5, 2, 1, 0], [0, 1, 3, 0, 1]]",3.9
2026-04-03T15:34:01.725993+01:00,15:34:01,Afternoon,664,16,11,0,0,0,17,CROWDED,0,0,NORMAL,1,5,14.1,,"[[0, 0, 0, 0, 0], [3, 5, 2, 1, 0], [0, 1, 3, 0, 1]]",3.9
2026-04-03T15:34:02.288060+01:00,15:34:02,Afternoon,666,16,11,0,0,0,17,CROWDED,0,0,NORMAL,1,5,14.1,,"[[0, 0, 0, 0, 0], [3, 5, 2, 1, 0], [0, 1, 3, 0, 1]]",4.1
2026-04-03T15:34:02.849478+01:00,15:34:02,Afternoon,668,16,11,0,0,0,17,CROWDED,0,0,NORMAL,1,5,14.2,,"[[0, 0, 0, 0, 0], [3, 5, 2, 1, 0], [0, 1, 3, 0, 1]]",4.1
2026-04-03T15:34:03.491154+01:00,15:34:03,Afternoon,670,16,11,0,0,0,17,CROWDED,0,0,NORMAL,1,5,14.2,,"[[0, 0, 0, 0, 0], [3, 5, 2, 1, 0], [0, 1, 3, 0, 1]]",3.6
2026-04-03T15:34:04.092315+01:00,15:34:04,Afternoon,672,16,11,0,0,0,17,CROWDED,0,0,NORMAL,1,5,14.3,,"[[0, 0, 0, 0, 0], [3, 5, 2, 1, 0], [0, 1, 3, 0, 1]]",3.6
2026-04-03T15:34:04.719094+01:00,15:34:04,Afternoon,674,16,11,0,0,0,17,CROWDED,0,0,NORMAL,1,5,14.3,,"[[0, 0, 0, 0, 0], [3, 5, 2, 1, 0], [0, 1, 3, 0, 1]]",3.2
2026-04-03T15:34:05.277929+01:00,15:34:05,Afternoon,676,16,8,0,0,0,16,CROWDED,0,0,WARNING,2,5,14.4,CHOKE_POINT,"[[0, 0, 0, 0, 0], [0, 5, 1, 2, 0], [0, 5, 1, 2, 0]]",3.2
2026-04-03T15:34:05.772696+01:00,15:34:05,Afternoon,678,16,8,0,0,0,16,CROWDED,0,0,WARNING,2,5,14.4,CHOKE_POINT,"[[0, 0, 0, 0, 0], [0, 5, 1, 2, 0], [0, 5, 1, 2, 0]]",3.4
2026-04-03T15:34:06.308278+01:00,15:34:06,Afternoon,680,16,8,0,0,0,16,CROWDED,0,0,NORMAL,2,5,14.7,,"[[0, 0, 0, 0, 0], [0, 5, 1, 2, 0], [0, 5, 1, 2, 0]]",3.4
2026-04-03T15:34:06.887957+01:00,15:34:06,Afternoon,682,16,8,0,0,0,16,CROWDED,0,0,NORMAL,2,5,14.7,,"[[0, 0, 0, 0, 0], [0, 5, 1, 2, 0], [0, 5, 1, 2, 0]]",3.9
2026-04-03T15:34:07.440015+01:00,15:34:07,Afternoon,684,16,8,0,0,0,16,CROWDED,0,0,NORMAL,2,5,15.0,,"[[0, 0, 0, 0, 0], [0, 5, 1, 2, 0], [0, 5, 1, 2, 0]]",3.9
2026-04-03T15:34:07.992069+01:00,15:34:07,Afternoon,686,16,8,0,0,0,16,CROWDED,0,0,NORMAL,2,5,15.0,,"[[0, 0, 0, 0, 0], [0, 5, 1, 2, 0], [0, 5, 1, 2, 0]]",3.5
2026-04-03T15:34:08.518989+01:00,15:34:08,Afternoon,688,16,8,0,0,0,16,CROWDED,0,0,CRITICAL,2,5,15.3,GATHERING,"[[0, 0, 0, 0, 0], [0, 5, 1, 2, 0], [0, 5, 1, 2, 0]]",3.5
2026-04-03T15:34:09.046953+01:00,15:34:09,Afternoon,690,16,8,0,0,0,16,CROWDED,0,0,CRITICAL,2,5,15.3,GATHERING,"[[0, 0, 0, 0, 0], [0, 5, 1, 2, 0], [0, 5, 1, 2, 0]]",3.7
2026-04-03T15:34:09.572692+01:00,15:34:09,Afternoon,692,16,8,0,0,0,16,CROWDED,0,0,CRITICAL,2,5,15.6,GATHERING,"[[0, 0, 0, 0, 0], [0, 5, 1, 2, 0], [0, 5, 1, 2, 0]]",3.7
2026-04-03T15:34:10.137788+01:00,15:34:10,Afternoon,694,11,4,0,0,0,11,NORMAL,0,0,CRITICAL,2,5,15.6,GATHERING,"[[0, 0, 0, 0, 0], [0, 5, 1, 2, 0], [0, 5, 1, 2, 0]]",3.8
2026-04-03T15:34:10.670065+01:00,15:34:10,Afternoon,696,17,10,0,0,0,17,CROWDED,0,0,CRITICAL,1,5,16.1,GATHERING,"[[0, 0, 0, 0, 0], [2, 5, 2, 1, 0], [0, 3, 2, 2, 0]]",3.8
2026-04-03T15:34:11.197684+01:00,15:34:11,Afternoon,698,17,10,0,0,0,17,CROWDED,0,0,CRITICAL,1,5,16.1,GATHERING,"[[0, 0, 0, 0, 0], [2, 5, 2, 1, 0], [0, 3, 2, 2, 0]]",3.7
2026-04-03T15:34:11.723331+01:00,15:34:11,Afternoon,700,17,10,0,0,0,17,CROWDED,0,0,CRITICAL,1,5,16.2,GATHERING,"[[0, 0, 0, 0, 0], [2, 5, 2, 1, 0], [0, 3, 2, 2, 0]]",3.7
2026-04-03T15:34:12.239540+01:00,15:34:12,Afternoon,702,17,10,0,0,0,17,CROWDED,0,0,CRITICAL,1,5,16.2,GATHERING,"[[0, 0, 0, 0, 0], [2, 5, 2, 1, 0], [0, 3, 2, 2, 0]]",3.8
2026-04-03T15:34:12.752500+01:00,15:34:12,Afternoon,704,17,10,0,0,0,17,CROWDED,0,0,CRITICAL,1,5,16.3,GATHERING,"[[0, 0, 0, 0, 0], [2, 5, 2, 1, 0], [0, 3, 2, 2, 0]]",3.8
2026-04-03T15:34:13.265430+01:00,15:34:13,Afternoon,706,17,10,0,0,0,17,CROWDED,0,0,CRITICAL,1,5,16.3,GATHERING,"[[0, 0, 0, 0, 0], [2, 5, 2, 1, 0], [0, 3, 2, 2, 0]]",3.9
2026-04-03T15:34:13.794292+01:00,15:34:13,Afternoon,708,17,10,0,0,0,17,CROWDED,0,0,CRITICAL,1,5,16.4,GATHERING,"[[0, 0, 0, 0, 0], [2, 5, 2, 1, 0], [0, 3, 2, 2, 0]]",3.9
2026-04-03T15:34:14.353271+01:00,15:34:14,Afternoon,710,17,10,0,0,0,17,CROWDED,0,0,CRITICAL,1,5,16.4,GATHERING,"[[0, 0, 0, 0, 0], [2, 5, 2, 1, 0], [0, 3, 2, 2, 0]]",3.8
2026-04-03T15:34:14.900208+01:00,15:34:14,Afternoon,712,17,10,0,0,0,17,CROWDED,0,0,CRITICAL,1,5,16.5,GATHERING,"[[0, 0, 0, 0, 0], [2, 5, 2, 1, 0], [0, 3, 2, 2, 0]]",3.8
2026-04-03T15:34:15.421076+01:00,15:34:15,Afternoon,714,20,12,0,0,0,20,CROWDED,0,0,CRITICAL,1,5,16.5,GATHERING,"[[0, 0, 0, 0, 0], [2, 5, 2, 1, 0], [0, 3, 2, 2, 0]]",3.6
2026-04-03T15:34:15.981622+01:00,15:34:15,Afternoon,716,16,9,0,0,0,16,CROWDED,0,0,WARNING,1,4,16.5,CHOKE_POINT,"[[0, 0, 0, 0, 0], [3, 3, 2, 1, 0], [0, 4, 3, 0, 0]]",3.6
2026-04-03T15:34:16.552329+01:00,15:34:16,Afternoon,718,16,9,0,0,0,16,CROWDED,0,0,WARNING,1,4,16.5,CHOKE_POINT,"[[0, 0, 0, 0, 0], [3, 3, 2, 1, 0], [0, 4, 3, 0, 0]]",3.7
2026-04-03T15:34:17.074293+01:00,15:34:17,Afternoon,720,16,9,0,0,0,16,CROWDED,0,0,NORMAL,1,4,16.5,,"[[0, 0, 0, 0, 0], [3, 3, 2, 1, 0], [0, 4, 3, 0, 0]]",3.7
2026-04-03T15:34:17.633824+01:00,15:34:17,Afternoon,722,16,9,0,0,0,16,CROWDED,0,0,NORMAL,1,4,16.5,,"[[0, 0, 0, 0, 0], [3, 3, 2, 1, 0], [0, 4, 3, 0, 0]]",3.6
2026-04-03T15:34:18.161732+01:00,15:34:18,Afternoon,724,16,9,0,0,0,16,CROWDED,0,0,NORMAL,1,4,16.5,,"[[0, 0, 0, 0, 0], [3, 3, 2, 1, 0], [0, 4, 3, 0, 0]]",3.6
2026-04-03T15:34:18.578293+01:00,15:34:18,Afternoon,726,16,9,0,0,0,16,CROWDED,0,0,NORMAL,1,4,16.5,,"[[0, 0, 0, 0, 0], [3, 3, 2, 1, 0], [0, 4, 3, 0, 0]]",3.7
2026-04-03T15:34:18.987012+01:00,15:34:18,Afternoon,728,16,9,0,0,0,16,CROWDED,0,0,NORMAL,1,4,16.5,,"[[0, 0, 0, 0, 0], [3, 3, 2, 1, 0], [0, 4, 3, 0, 0]]",3.7
2026-04-03T15:34:19.393298+01:00,15:34:19,Afternoon,730,16,9,0,0,0,16,CROWDED,0,0,NORMAL,1,4,16.5,,"[[0, 0, 0, 0, 0], [3, 3, 2, 1, 0], [0, 4, 3, 0, 0]]",3.7
2026-04-03T15:34:19.812194+01:00,15:34:19,Afternoon,732,16,9,0,0,0,16,CROWDED,0,0,NORMAL,1,4,16.5,,"[[0, 0, 0, 0, 0], [3, 3, 2, 1, 0], [0, 4, 3, 0, 0]]",4.8
2026-04-03T15:34:20.277965+01:00,15:34:20,Afternoon,734,16,9,0,0,0,16,CROWDED,0,0,NORMAL,1,4,16.5,,"[[0, 0, 0, 0, 0], [3, 3, 2, 1, 0], [0, 4, 3, 0, 0]]",4.8
2026-04-03T15:34:20.659932+01:00,15:34:20,Afternoon,736,12,6,0,0,0,13,NORMAL,0,0,WARNING,1,4,16.1,CHOKE_POINT,"[[0, 0, 0, 0, 0], [0, 4, 1, 1, 0], [0, 3, 1, 1, 1]]",4.8
2026-04-03T15:34:21.087173+01:00,15:34:21,Afternoon,738,12,6,0,0,0,13,NORMAL,0,0,WARNING,1,4,16.1,CHOKE_POINT,"[[0, 0, 0, 0, 0], [0, 4, 1, 1, 0], [0, 3, 1, 1, 1]]",4.7
2026-04-03T15:34:21.543113+01:00,15:34:21,Afternoon,740,12,6,0,0,0,13,NORMAL,0,0,NORMAL,1,4,15.6,,"[[0, 0, 0, 0, 0], [0, 4, 1, 1, 0], [0, 3, 1, 1, 1]]",4.7
2026-04-03T15:34:21.948969+01:00,15:34:21,Afternoon,742,12,6,0,0,0,13,NORMAL,0,0,NORMAL,1,4,15.6,,"[[0, 0, 0, 0, 0], [0, 4, 1, 1, 0], [0, 3, 1, 1, 1]]",4.7
